event_id,title,category_type,event_category_name,forecast_value,forecast_layover_text,get_in_price,stats_total_quantity,event_utc_datetime
78981707,James Taylor and His All-Star Band,CONCERT,Adult Contemporary,0.67,,37.0,3765,2026-06-23 23:30:00+00:00
82390162,Minnesota Lynx at Washington Mystics,SPORT,WNBA,0.67,,267.0,101,2026-06-24 23:30:00+00:00
88800928,Mojo Brookzz,THEATER,Comedy,0.67,,298.0,1,2026-06-21 01:15:00+00:00
101786041,TobyMac,CONCERT,Adult Contemporary,0.66,,35.0,3233,2026-06-20 23:00:00+00:00
51772020,Joe Jackson,CONCERT,Pop,0.66,,75.0,144,2026-06-22 01:00:00+00:00
128840142,Lil Baby,CONCERT,Rap/Hip Hop,0.66,,97.0,3215,2026-06-21 01:00:00+00:00
60889677,Ole 60 (Rescheduled from 2/28),CONCERT,Country and Folk,0.65,,97.0,6,2026-06-21 00:30:00+00:00
91459907,Wale and Smino,CONCERT,Rap/Hip Hop,0.65,,259.0,2,2026-06-20 23:30:00+00:00
96806844,Jelly Roll,CONCERT,Country and Folk,0.63,,198.0,428,2026-06-21 23:00:00+00:00
61836969,Diana Krall,CONCERT,Blues and Jazz,0.62,,141.0,10,2026-06-26 23:30:00+00:00
91909765,Hilary Duff,CONCERT,Pop,0.59,,42.0,878,2026-06-23 23:00:00+00:00
63797236,Dwight Yoakam,CONCERT,Country and Folk,0.59,,159.0,477,2026-06-27 01:30:00+00:00
51325344,Bonnie Raitt,CONCERT,Country and Folk,0.54,,76.0,32,2026-06-20 02:30:00+00:00
21483346,Boston Red Sox at Colorado Rockies,SPORT,MLB Baseball,0.53,,25.0,14894,2026-06-24 19:10:00+00:00
49540542,Journey,CONCERT,Rock,0.53,,70.0,4057,2026-06-25 00:30:00+00:00
64225652,The Bald and the Beautiful - With Trixie and Katya,THEATER,Podcast,0.51,,82.0,81,2026-06-21 02:30:00+00:00
108268855,Wale,CONCERT,Rap/Hip Hop,0.5,,149.0,22,2026-06-22 00:00:00+00:00
109588760,CA7RIEL and Paco Amoroso,CONCERT,Dance/Electronica,0.49,,102.0,34,2026-06-27 00:00:00+00:00
82387436,Toronto Tempo at Connecticut Sun,SPORT,WNBA,0.49,,26.0,2176,2026-06-19 23:30:00+00:00
97251186,Ziggy Marley,CONCERT,Reggae,0.48,,39.0,2323,2026-06-21 03:00:00+00:00
100654096,Rod Stewart,CONCERT,Adult Contemporary,0.45,,342.0,65,2026-06-22 02:00:00+00:00
99756507,Hank Williams Jr,CONCERT,Country and Folk,0.44,,50.0,3462,2026-06-20 22:30:00+00:00
78565891,Vince Gill,CONCERT,Country and Folk,0.44,,111.0,64,2026-06-25 23:30:00+00:00
82389097,Philadelphia Union II at Orlando City B,SPORT,MLS,0.41,,7.0,54,2026-06-21 23:00:00+00:00
48193804,Louis Tomlinson,CONCERT,Pop,0.41,,140.0,380,2026-06-27 00:00:00+00:00
17466129,Jabbawockeez,CONCERT,Rap/Hip Hop,0.4,,79.0,325,2026-06-27 00:30:00+00:00
9277528,Chicago Symphony Orchestra - Lincoln Portrait and Ellington Harlem,CONCERT,Classical,0.39,,43.0,920,2026-06-21 00:30:00+00:00
109582092,Gabriel Iglesias,THEATER,Comedy,0.38,,204.0,104,2026-06-21 03:00:00+00:00
49991484,Jack Johnson,CONCERT,Pop,0.36,,170.0,252,2026-06-19 23:30:00+00:00
60961938,Alison Krauss and Union Station,CONCERT,Country and Folk,0.35,,64.0,1337,2026-06-22 00:30:00+00:00
22321775,Ariana Grande,CONCERT,Pop,0.35,,873.0,340,2026-06-20 02:30:00+00:00
42462757,Kenny Chesney,CONCERT,Country and Folk,0.34,,398.0,252,2026-06-21 03:00:00+00:00
110466613,Joshua Slone,CONCERT,Country and Folk,0.34,,32.0,9,2026-06-25 01:30:00+00:00
84566646,2026 Summerfest - Don Toliver,CONCERT,Rap/Hip Hop,0.33,,121.0,10014,2026-06-20 00:00:00+00:00
83262015,Luke Bryan,CONCERT,Country and Folk,0.31,,54.0,1049,2026-06-20 00:00:00+00:00
43325680,5 Seconds of Summer,CONCERT,Pop,0.3,,70.0,2713,2026-06-27 03:00:00+00:00
118823447,Amy Grant,CONCERT,Pop,0.29,,157.0,225,2026-06-21 23:00:00+00:00
56163534,Daniel Tosh,THEATER,Comedy,0.29,,102.0,97,2026-06-24 01:30:00+00:00
61834222,Megan Moroney,CONCERT,Country and Folk,0.28,,148.0,765,2026-06-19 23:00:00+00:00
92359605,Dierks Bentley,CONCERT,Country and Folk,0.28,,116.0,245,2026-06-26 01:30:00+00:00
80256224,Audrey Hobert,CONCERT,Pop,0.27,,84.0,56,2026-06-21 02:00:00+00:00
21483121,Arizona Diamondbacks at St. Louis Cardinals,SPORT,MLB Baseball,0.27,,18.0,2761,2026-06-22 23:45:00+00:00
74637682,Gabriel Iglesias (21+ Event),THEATER,Comedy,0.26,,152.0,40,2026-06-20 03:00:00+00:00
78980569,Madison Beer,CONCERT,Pop,0.26,,34.0,1457,2026-06-21 02:30:00+00:00
84570048,Turnpike Troubadours,CONCERT,Country and Folk,0.25,,262.0,37,2026-06-26 02:00:00+00:00
61835725,Rosalia,CONCERT,Latin Music,0.24,,89.0,1401,2026-06-24 01:30:00+00:00
1296098,Natalia Lafourcade (Rescheduled from 9/23/2025),CONCERT,Latin Music,0.24,,136.0,24,2026-06-24 03:00:00+00:00
49993690,Jack Johnson,CONCERT,Pop,0.23,,87.0,284,2026-06-26 23:30:00+00:00
94123145,Hank Williams Jr with Marshall Tucker Band and John Foster,CONCERT,Country and Folk,0.23,,41.0,3249,2026-06-19 22:30:00+00:00
110019039,Bob Dylan,CONCERT,Adult Contemporary,0.23,,210.0,274,2026-06-19 03:00:00+00:00
101789303,TobyMac,CONCERT,Adult Contemporary,0.22,,39.0,602,2026-06-25 23:00:00+00:00
17465337,Jabbawockeez,CONCERT,Rap/Hip Hop,0.22,,74.0,356,2026-06-19 00:30:00+00:00
100199380,Wilco,CONCERT,Rock,0.22,,91.0,552,2026-06-19 00:00:00+00:00
85006908,Dave Matthews Band,CONCERT,Rock,0.21,,86.0,351,2026-06-26 23:30:00+00:00
91015263,Machine Gun Kelly,CONCERT,Rock,0.21,,39.0,2234,2026-06-23 00:00:00+00:00
125083744,Keyshia Cole,CONCERT,R&B,0.21,,99.0,1308,2026-06-27 03:00:00+00:00
22322522,Ariana Grande,CONCERT,Pop,0.2,,874.0,430,2026-06-25 00:30:00+00:00
43323453,Grand Ole Opry,CONCERT,Country and Folk,0.2,,114.0,903,2026-06-19 00:00:00+00:00
52446612,New Kids On The Block,CONCERT,Pop,0.2,,28.0,1625,2026-06-27 03:00:00+00:00
82391476,Atlanta Dream at Golden State Valkyries,SPORT,WNBA,0.2,,33.0,1946,2026-06-27 02:00:00+00:00
17465919,Jabbawockeez,CONCERT,Rap/Hip Hop,0.2,,74.0,319,2026-06-25 03:00:00+00:00
21483216,Cleveland Guardians at Chicago White Sox,SPORT,MLB Baseball,0.2,,15.0,17107,2026-06-23 23:40:00+00:00
119259545,Black Coffee,CONCERT,Dance/Electronica,0.2,,84.0,101,2026-06-23 21:00:00+00:00
28708475,Morgan Jay (16+ Event),THEATER,Comedy,0.2,,28.0,314,2026-06-20 23:00:00+00:00
21483123,Cleveland Guardians at Chicago White Sox,SPORT,MLB Baseball,0.2,,20.0,16335,2026-06-22 23:40:00+00:00
113985243,2026 NBA Draft - First Round,SPORT,NBA Basketball,0.19,,47.0,1808,2026-06-23 23:30:00+00:00
82390157,The Human League,CONCERT,R&B,0.19,,54.0,1435,2026-06-24 21:30:00+00:00
95473447,Zarna Garg,THEATER,Comedy,0.19,,93.0,41,2026-06-27 02:15:00+00:00
94125436,Dance Gavin Dance,CONCERT,Rock,0.19,,52.0,316,2026-06-22 23:00:00+00:00
43324832,5 Seconds of Summer,CONCERT,Pop,0.18,,48.0,3679,2026-06-24 01:00:00+00:00
54449286,Weird Al Yankovic,CONCERT,Rock,0.18,,54.0,1131,2026-06-22 00:30:00+00:00
94128156,Dance Gavin Dance,CONCERT,Rock,0.18,,90.0,41,2026-06-27 01:30:00+00:00
21482666,Milwaukee Brewers at Atlanta Braves,SPORT,MLB Baseball,0.17,,37.0,6490,2026-06-19 23:15:00+00:00
91015711,Machine Gun Kelly,CONCERT,Rock,0.17,,40.0,4194,2026-06-24 00:00:00+00:00
21482521,Los Angeles Angels at Athletics,SPORT,MLB Baseball,0.17,,39.0,1861,2026-06-19 01:40:00+00:00
49539563,Journey,CONCERT,Rock,0.17,,109.0,335,2026-06-21 00:30:00+00:00
115966910,Kurt Vile and The Violators,CONCERT,Rock,0.17,,74.0,12,2026-06-23 00:00:00+00:00
17466130,Jabbawockeez,CONCERT,Rap/Hip Hop,0.16,,77.0,309,2026-06-27 03:00:00+00:00
83261249,Luke Bryan,CONCERT,Country and Folk,0.16,,45.0,1659,2026-06-19 00:00:00+00:00
88015917,Metric,CONCERT,Rock,0.15,,53.0,119,2026-06-25 01:00:00+00:00
17465338,Jabbawockeez,CONCERT,Rap/Hip Hop,0.15,,77.0,334,2026-06-19 03:00:00+00:00
101784515,TobyMac,CONCERT,Adult Contemporary,0.15,,33.0,2226,2026-06-19 23:00:00+00:00
91015060,Taking Back Sunday,CONCERT,Rock,0.15,,46.0,264,2026-06-22 01:00:00+00:00
40761395,Dierks Bentley,CONCERT,Country and Folk,0.15,,62.0,2589,2026-06-21 01:15:00+00:00
63795020,Forrest Frank,CONCERT,Pop,0.15,,128.0,418,2026-06-20 23:00:00+00:00
22744921,Carpenters Legacy,CONCERT,Pop,0.14,,47.0,330,2026-06-25 00:00:00+00:00
116848953,Zach Top,CONCERT,Country and Folk,0.14,,63.0,2573,2026-06-21 00:00:00+00:00
54449953,Weird Al Yankovic,CONCERT,Rock,0.14,,57.0,140,2026-06-25 00:30:00+00:00
81956305,Les Claypool - Claypool Gold,CONCERT,Alternative,0.14,,74.0,1533,2026-06-20 23:00:00+00:00
25731158,Bailey Zimmerman,CONCERT,Country and Folk,0.14,,87.0,159,2026-06-19 23:00:00+00:00
82391477,Portland Fire at Chicago Sky,SPORT,WNBA,0.13,,29.0,1799,2026-06-26 23:30:00+00:00
21483628,Seattle Mariners at Cleveland Guardians,SPORT,MLB Baseball,0.13,,49.0,1149,2026-06-26 23:10:00+00:00
98151169,Joji,CONCERT,Rap/Hip Hop,0.13,,70.0,3457,2026-06-23 23:30:00+00:00
78981182,Madison Beer,CONCERT,Pop,0.13,,70.0,90,2026-06-22 02:00:00+00:00
54892814,Daniel Tosh,THEATER,Comedy,0.13,,67.0,395,2026-06-26 00:00:00+00:00
17465444,Jabbawockeez,CONCERT,Rap/Hip Hop,0.13,,79.0,331,2026-06-20 03:00:00+00:00
17465611,Jabbawockeez,CONCERT,Rap/Hip Hop,0.12,,74.0,334,2026-06-21 03:00:00+00:00
90571706,Billy Currington,CONCERT,Country and Folk,0.12,,77.0,502,2026-06-21 00:00:00+00:00
94125912,Rufus Du Sol,CONCERT,Dance/Electronica,0.12,,93.0,4368,2026-06-23 23:00:00+00:00
81957506,ASAP Rocky,CONCERT,Rap/Hip Hop,0.12,,73.0,2152,2026-06-24 02:30:00+00:00
21483126,Texas Rangers at Miami Marlins,SPORT,MLB Baseball,0.11,,16.0,2639,2026-06-22 22:40:00+00:00
17465780,Jabbawockeez,CONCERT,Rap/Hip Hop,0.11,,77.0,340,2026-06-23 03:00:00+00:00
84566652,Daniel Tosh,THEATER,Comedy,0.11,,51.0,471,2026-06-20 01:30:00+00:00
95473446,Zarna Garg,THEATER,Comedy,0.11,,94.0,39,2026-06-27 00:00:00+00:00
81958542,ASAP Rocky,CONCERT,Rap/Hip Hop,0.11,,92.0,1445,2026-06-26 02:30:00+00:00
91017843,Dirty Heads,CONCERT,Rock,0.11,,115.0,39,2026-06-27 01:00:00+00:00
115963412,Kurt Vile and The Violators,CONCERT,Rock,0.11,,69.0,44,2026-06-20 00:00:00+00:00
21483345,Milwaukee Brewers at Cincinnati Reds,SPORT,MLB Baseball,0.11,,17.0,4475,2026-06-24 23:10:00+00:00
54891384,Daniel Tosh,THEATER,Comedy,0.11,,141.0,1061,2026-06-20 23:00:00+00:00
105828516,Ole 60,CONCERT,Country and Folk,0.11,,98.0,29,2026-06-20 00:30:00+00:00
17465347,Carrot Top (18+ Event),THEATER,Comedy,0.11,,79.0,199,2026-06-19 03:00:00+00:00
88800927,Mojo Brookzz,THEATER,Comedy,0.1,,0.0,0,2026-06-20 22:30:00+00:00
104939548,Bleachers,CONCERT,Rock,0.1,,60.0,3827,2026-06-23 23:30:00+00:00
51326580,Bonnie Raitt,CONCERT,Country and Folk,0.1,,80.0,595,2026-06-24 01:30:00+00:00
61836470,Martin Garrix,CONCERT,Dance/Electronica,0.1,,48.0,414,2026-06-25 23:30:00+00:00
85002678,NeYo with Akon,CONCERT,R&B,0.1,,86.0,655,2026-06-20 02:00:00+00:00
64224446,Khalid,CONCERT,R&B,0.1,,79.0,440,2026-06-19 00:30:00+00:00
21483219,Seattle Mariners at Pittsburgh Pirates,SPORT,MLB Baseball,0.1,,43.0,2197,2026-06-23 22:40:00+00:00
1312971,Chicago Symphony Orchestra - Star Wars A New Hope in Concert,CONCERT,Classical,0.1,,130.0,244,2026-06-27 00:30:00+00:00
94126516,Ziggy Marley and Stephen Marley,CONCERT,Reggae,0.09,,77.0,1094,2026-06-25 00:00:00+00:00
21483337,Arizona Diamondbacks at St. Louis Cardinals,SPORT,MLB Baseball,0.09,,16.0,2755,2026-06-24 23:45:00+00:00
87641449,Chris Lake,CONCERT,Dance/Electronica,0.09,,127.0,82,2026-06-20 00:00:00+00:00
51772647,Joe Jackson,CONCERT,Pop,0.09,,94.0,236,2026-06-25 00:30:00+00:00
21482912,New York Mets at Philadelphia Phillies,SPORT,MLB Baseball,0.09,,64.0,5483,2026-06-20 23:15:00+00:00
89247585,Kid Rock,CONCERT,Rock,0.09,,66.0,782,2026-06-20 23:00:00+00:00
23829562,Nate Bargatze,THEATER,Comedy,0.09,,77.0,792,2026-06-20 00:00:00+00:00
91911020,Hilary Duff,CONCERT,Pop,0.08,,106.0,948,2026-06-25 23:00:00+00:00
46414082,OAR,CONCERT,Alternative,0.08,,141.0,119,2026-06-20 00:30:00+00:00
79616355,Mojo Brookzz - Dyon Brooks,THEATER,Comedy,0.08,,127.0,10,2026-06-27 04:45:00+00:00
21483344,Texas Rangers at Miami Marlins,SPORT,MLB Baseball,0.08,,16.0,2733,2026-06-24 16:10:00+00:00
84566651,Sublime,CONCERT,Alternative,0.08,,115.0,83,2026-06-19 21:30:00+00:00
98148144,Joji,CONCERT,Rap/Hip Hop,0.07,,54.0,1446,2026-06-19 22:30:00+00:00
21482673,San Francisco Giants at Miami Marlins,SPORT,MLB Baseball,0.07,,19.0,3077,2026-06-19 23:10:00+00:00
108049684,The Beach Boys,CONCERT,Adult Contemporary,0.07,,79.0,30,2026-06-27 03:00:00+00:00
88800929,Metric,CONCERT,Rock,0.07,,103.0,6,2026-06-21 02:00:00+00:00
84568953,Goose,CONCERT,Rock,0.07,,55.0,158,2026-06-23 22:00:00+00:00
97699257,Chicago,CONCERT,Rock,0.07,,121.0,58,2026-06-20 23:30:00+00:00
110463838,Indiana Fever at Atlanta Dream,SPORT,WNBA,0.07,,92.0,2666,2026-06-20 17:00:00+00:00
94124425,Dance Gavin Dance,CONCERT,Rock,0.07,,76.0,62,2026-06-20 23:30:00+00:00
91462596,Wale and Smino,CONCERT,Rap/Hip Hop,0.07,,61.0,320,2026-06-25 23:00:00+00:00
113102369,Gregory Alan Isakov,CONCERT,Pop,0.07,,119.0,63,2026-06-22 23:00:00+00:00
113539179,Shakira,CONCERT,Pop,0.07,,170.0,2365,2026-06-20 02:30:00+00:00
34697252,Louis Tomlinson,CONCERT,Pop,0.07,,121.0,1087,2026-06-23 00:00:00+00:00
115969486,Kurt Vile and The Violators,CONCERT,Rock,0.06,,65.0,41,2026-06-25 23:00:00+00:00
21482677,San Diego Padres at Texas Rangers,SPORT,MLB Baseball,0.06,,28.0,6042,2026-06-20 00:05:00+00:00
26153957,Ariana Grande,CONCERT,Pop,0.06,,884.0,407,2026-06-21 03:00:00+00:00
124648038,Jordan Davis,CONCERT,Country and Folk,0.06,,133.0,217,2026-06-20 03:00:00+00:00
21483487,Philadelphia Phillies at Washington Nationals (Nationals Soccer Jersey Giveaway),SPORT,MLB Baseball,0.06,,32.0,4005,2026-06-25 22:45:00+00:00
21483631,Washington Nationals at Baltimore Orioles (Pride Night Jersey Giveaway),SPORT,MLB Baseball,0.06,,38.0,3294,2026-06-26 23:05:00+00:00
78564903,Vince Gill,CONCERT,Country and Folk,0.06,,145.0,59,2026-06-23 23:00:00+00:00
22744925,Piano Man,CONCERT,Rock,0.06,,77.0,106,2026-06-25 01:30:00+00:00
21482909,San Francisco Giants at Miami Marlins,SPORT,MLB Baseball,0.06,,28.0,3728,2026-06-20 20:05:00+00:00
129490981,Max Amini,THEATER,Comedy,0.06,,63.0,1749,2026-06-20 00:00:00+00:00
46414558,Morgan Wallen,CONCERT,Country and Folk,0.06,,224.0,1808,2026-06-20 22:30:00+00:00
21483125,New York Yankees at Detroit Tigers,SPORT,MLB Baseball,0.06,,26.0,6409,2026-06-22 22:40:00+00:00
103125801,Palomazo Norteno,CONCERT,Latin Music,0.06,,187.0,4,2026-06-26 07:00:00+00:00
21482668,St. Louis Cardinals at Kansas City Royals (World Cup Scarf Giveaway),SPORT,MLB Baseball,0.06,,57.0,4882,2026-06-20 00:15:00+00:00
94350608,John Fogerty,CONCERT,Rock,0.06,,100.0,418,2026-06-27 02:30:00+00:00
21483350,Houston Astros at Toronto Blue Jays (Domer Hat Giveaway),SPORT,MLB Baseball,0.06,,27.0,4599,2026-06-24 23:07:00+00:00
21482901,Milwaukee Brewers at Atlanta Braves,SPORT,MLB Baseball,0.06,,37.0,6451,2026-06-20 20:10:00+00:00
21482905,Boston Red Sox at Seattle Mariners (Rescheduled from 6/20),SPORT,MLB Baseball,0.06,,35.0,7521,2026-06-20 02:10:00+00:00
87642557,Freddie Gibbs,CONCERT,Rap/Hip Hop,0.06,,84.0,34,2026-06-21 03:00:00+00:00
21483351,Philadelphia Phillies at Washington Nationals,SPORT,MLB Baseball,0.05,,19.0,4899,2026-06-24 22:45:00+00:00
21482906,Boston Red Sox at Seattle Mariners,SPORT,MLB Baseball,0.05,,44.0,3446,2026-06-21 02:10:00+00:00
54893242,Daniel Tosh,THEATER,Comedy,0.05,,15.0,176,2026-06-26 23:00:00+00:00
88804315,Carin Leon,CONCERT,Latin Music,0.05,,64.0,3420,2026-06-27 00:00:00+00:00
1344631,Natalia Lafourcade (Rescheduled from 9/16/25),CONCERT,Latin Music,0.05,,107.0,290,2026-06-27 03:00:00+00:00
106930523,Trey Anastasio,CONCERT,Rock,0.05,,97.0,118,2026-06-20 23:30:00+00:00
21483630,Atlanta Braves at San Francisco Giants,SPORT,MLB Baseball,0.05,,45.0,6191,2026-06-27 02:15:00+00:00
81959283,ASAP Rocky,CONCERT,Rap/Hip Hop,0.05,,82.0,2472,2026-06-27 02:30:00+00:00
82170679,The Human League,CONCERT,R&B,0.05,,116.0,204,2026-06-20 00:00:00+00:00
122283362,The Revivalists,CONCERT,Rock,0.04,,84.0,52,2026-06-24 23:30:00+00:00
103126965,Ice Cube,CONCERT,Rap/Hip Hop,0.04,,101.0,418,2026-06-27 01:00:00+00:00
85003736,Hugel (21+ Event),CONCERT,Dance/Electronica,0.04,,74.0,64,2026-06-21 05:30:00+00:00
94123148,Dance Gavin Dance,CONCERT,Rock,0.04,,85.0,38,2026-06-19 23:30:00+00:00
51325871,Bonnie Raitt,CONCERT,Country and Folk,0.04,,32.0,176,2026-06-21 01:30:00+00:00
87645876,Rascal Flatts,CONCERT,Country and Folk,0.04,,253.0,2213,2026-06-27 01:00:00+00:00
88016537,Paul Simon,CONCERT,Adult Contemporary,0.04,,51.0,474,2026-06-26 00:00:00+00:00
81958547,Les Claypool - Claypool Gold,CONCERT,Alternative,0.04,,41.0,1108,2026-06-26 01:00:00+00:00
21482674,Cleveland Guardians at Houston Astros,SPORT,MLB Baseball,0.04,,26.0,6125,2026-06-20 00:10:00+00:00
91906159,Fuerza Regida,CONCERT,Latin Music,0.04,,122.0,9019,2026-06-19 03:00:00+00:00
95472453,Zarna Garg,THEATER,Comedy,0.04,,99.0,32,2026-06-26 00:30:00+00:00
21483349,Kansas City Royals at Tampa Bay Rays,SPORT,MLB Baseball,0.03,,22.0,2756,2026-06-24 22:40:00+00:00
21483483,Houston Astros at Detroit Tigers,SPORT,MLB Baseball,0.03,,17.0,4412,2026-06-25 22:40:00+00:00
21482669,Cincinnati Reds at New York Yankees,SPORT,MLB Baseball,0.03,,30.0,9610,2026-06-19 23:05:00+00:00
113986712,Bob Dylan,CONCERT,Adult Contemporary,0.03,,106.0,228,2026-06-25 03:00:00+00:00
21483342,Seattle Mariners at Pittsburgh Pirates,SPORT,MLB Baseball,0.03,,42.0,2130,2026-06-24 22:40:00+00:00
21483347,Los Angeles Dodgers at Minnesota Twins,SPORT,MLB Baseball,0.03,,30.0,6149,2026-06-24 23:40:00+00:00
43324543,5 Seconds of Summer,CONCERT,Pop,0.03,,40.0,2396,2026-06-22 01:00:00+00:00
87240999,Ella Langley,CONCERT,Rock,0.03,,416.0,297,2026-06-20 00:00:00+00:00
36534526,Hardy,CONCERT,Country and Folk,0.03,,41.0,6814,2026-06-26 23:00:00+00:00
78562861,Sammy Hagar,CONCERT,Rock,0.03,,42.0,617,2026-06-19 22:30:00+00:00
88798929,Carin Leon,CONCERT,Latin Music,0.03,,126.0,2304,2026-06-19 01:00:00+00:00
114869185,October London With Leela James,CONCERT,R&B,0.03,,95.0,1308,2026-06-21 00:00:00+00:00
104014992,Jill Scott,CONCERT,R&B,0.03,,217.0,206,2026-06-21 00:00:00+00:00
91911021,Fuerza Regida,CONCERT,Latin Music,0.03,,46.0,5800,2026-06-26 04:00:00+00:00
130786754,Djo,CONCERT,Alternative,0.03,,158.0,730,2026-06-27 01:00:00+00:00
78566579,Sammy Hagar,CONCERT,Rock,0.03,,112.0,1765,2026-06-27 00:00:00+00:00
94125914,Dance Gavin Dance,CONCERT,Rock,0.03,,51.0,57,2026-06-24 00:00:00+00:00
21483130,Atlanta Braves at San Diego Padres (Western Snapback Hat Giveaway),SPORT,MLB Baseball,0.03,,55.0,1967,2026-06-23 01:40:00+00:00
21483131,Kansas City Royals at Tampa Bay Rays,SPORT,MLB Baseball,0.03,,22.0,2709,2026-06-22 22:40:00+00:00
21275997,Piano Man (18+ Event),CONCERT,Rock,0.03,,77.0,114,2026-06-21 01:30:00+00:00
21482902,Toronto Blue Jays at Chicago Cubs,SPORT,MLB Baseball,0.03,,110.0,4417,2026-06-20 18:20:00+00:00
21482911,Pittsburgh Pirates at Colorado Rockies (Soccer Jersey Giveaway),SPORT,MLB Baseball,0.03,,27.0,14339,2026-06-21 01:10:00+00:00
107827190,Jeezy,CONCERT,Rap/Hip Hop,0.03,,295.0,668,2026-06-27 03:00:00+00:00
106490707,Trey Anastasio,CONCERT,Rock,0.02,,173.0,117,2026-06-23 23:30:00+00:00
112661075,Kali Uchis with Mariah The Scientist,CONCERT,Pop,0.02,,37.0,2166,2026-06-19 00:00:00+00:00
21482670,Minnesota Twins at Arizona Diamondbacks,SPORT,MLB Baseball,0.02,,37.0,9855,2026-06-20 01:45:00+00:00
67231784,Josh Groban with Jennifer Hudson,CONCERT,Adult Contemporary,0.02,,90.0,2650,2026-06-25 00:00:00+00:00
118387378,The Strokes,CONCERT,Alternative,0.02,,77.0,1478,2026-06-19 23:00:00+00:00
118395293,The Strokes,CONCERT,Alternative,0.02,,115.0,307,2026-06-26 23:00:00+00:00
21483220,New York Yankees at Detroit Tigers,SPORT,MLB Baseball,0.02,,33.0,4559,2026-06-23 22:40:00+00:00
67654095,Nate Bargatze,THEATER,Comedy,0.02,,71.0,853,2026-06-19 00:00:00+00:00
113539189,Josh Johnson,THEATER,Comedy,0.02,,77.0,1543,2026-06-20 02:00:00+00:00
88012896,Metric,CONCERT,Rock,0.02,,20.0,1844,2026-06-20 02:00:00+00:00
98432736,Ben Bankas,THEATER,Comedy,0.02,,66.0,43,2026-06-26 23:00:00+00:00
83427023,Barry Manilow (Rescheduled from 4/14/26),CONCERT,Adult Contemporary,0.02,,40.0,1413,2026-06-26 23:00:00+00:00
96807594,Jelly Roll,CONCERT,Country and Folk,0.02,,60.0,528,2026-06-23 23:00:00+00:00
64875737,The Bald and the Beautiful - With Trixie and Katya,THEATER,Podcast,0.02,,224.0,10,2026-06-20 02:30:00+00:00
99760681,Widespread Panic,CONCERT,Rock,0.02,,134.0,197,2026-06-27 01:00:00+00:00
97249819,Darius Rucker,CONCERT,Rock,0.02,,73.0,381,2026-06-19 23:00:00+00:00
13958015,Country Stampede - Friday (Zach Top Scotty McCreery & Diamond Rio),CONCERT,Music Festivals,0.02,,92.0,84,2026-06-26 21:30:00+00:00
91909091,Diljit Dosanjh,CONCERT,World Music,0.02,,156.0,625,2026-06-22 03:00:00+00:00
61834872,Amyl and The Sniffers,CONCERT,Alternative,0.02,,95.0,43,2026-06-21 00:00:00+00:00
46414080,Morgan Wallen,CONCERT,Country and Folk,0.02,,147.0,2889,2026-06-19 22:30:00+00:00
82387435,Minnesota Lynx at Golden State Valkyries,SPORT,WNBA,0.02,,30.0,2087,2026-06-20 02:00:00+00:00
51324970,Styx,CONCERT,Rock,0.02,,74.0,31,2026-06-19 00:30:00+00:00
78564543,Vince Gill,CONCERT,Country and Folk,0.02,,71.0,89,2026-06-23 00:00:00+00:00
34697187,Louis Tomlinson,CONCERT,Pop,0.02,,51.0,5854,2026-06-22 00:00:00+00:00
76900921,Chris Stapleton,CONCERT,Country and Folk,0.02,,96.0,3554,2026-06-24 22:00:00+00:00
118828102,Amy Grant,CONCERT,Pop,0.02,,158.0,58,2026-06-26 23:30:00+00:00
21483343,New York Yankees at Detroit Tigers,SPORT,MLB Baseball,0.02,,31.0,5992,2026-06-24 22:40:00+00:00
61834871,Megan Moroney,CONCERT,Country and Folk,0.02,,242.0,154,2026-06-20 23:00:00+00:00
21483214,Arizona Diamondbacks at St. Louis Cardinals,SPORT,MLB Baseball,0.02,,15.0,4015,2026-06-23 23:45:00+00:00
21483129,Los Angeles Dodgers at Minnesota Twins,SPORT,MLB Baseball,0.02,,32.0,5901,2026-06-22 23:40:00+00:00
81957511,Lord Huron,CONCERT,Country and Folk,0.02,,73.0,647,2026-06-23 23:30:00+00:00
101104814,Gianmarco Soresi,THEATER,Comedy,0.02,,0.0,0,2026-06-20 01:30:00+00:00
17465754,Jabbawockeez,CONCERT,Rap/Hip Hop,0.01,,83.0,287,2026-06-22 03:00:00+00:00
81955314,Lord Huron,CONCERT,Country and Folk,0.01,,81.0,517,2026-06-19 23:30:00+00:00
95022662,Alison Krauss and Union Station,CONCERT,Country and Folk,0.01,,88.0,1154,2026-06-26 23:30:00+00:00
21483625,Miami Marlins at St. Louis Cardinals (Cardinals All-Over Print Shirt and Shorts Set Giveaway),SPORT,MLB Baseball,0.01,,25.0,4323,2026-06-27 00:15:00+00:00
67230424,Nate Bargatze,THEATER,Comedy,0.01,,40.0,4146,2026-06-20 20:00:00+00:00
110463847,Joshua Slone,CONCERT,Country and Folk,0.01,,28.0,89,2026-06-21 00:30:00+00:00
100651668,Palomazo Norteno,CONCERT,Latin Music,0.01,,100.0,3117,2026-06-20 00:30:00+00:00
76902115,Chris Stapleton,CONCERT,Country and Folk,0.01,,174.0,710,2026-06-26 23:30:00+00:00
64227881,Martin Garrix,CONCERT,Dance/Electronica,0.01,,80.0,1422,2026-06-26 23:30:00+00:00
21482676,Washington Nationals at Tampa Bay Rays,SPORT,MLB Baseball,0.01,,33.0,3270,2026-06-19 23:10:00+00:00
64227879,Khalid,CONCERT,R&B,0.01,,125.0,156,2026-06-27 03:00:00+00:00
21483092,Pittsburgh Pirates at Colorado Rockies (Fathers Day Hawaiian Shirt Giveaway),SPORT,MLB Baseball,0.01,,25.0,14036,2026-06-21 19:10:00+00:00
82390160,Portland Fire at Chicago Sky,SPORT,WNBA,0.01,,27.0,2270,2026-06-25 00:00:00+00:00
88012058,Paul Simon,CONCERT,Adult Contemporary,0.01,,193.0,536,2026-06-19 00:00:00+00:00
21483227,Houston Astros at Toronto Blue Jays,SPORT,MLB Baseball,0.01,,25.0,4817,2026-06-23 20:07:00+00:00
43323764,5 Seconds of Summer,CONCERT,Pop,0.01,,43.0,5616,2026-06-20 01:00:00+00:00
115749333,Bob Dylan,CONCERT,Adult Contemporary,0.01,,180.0,212,2026-06-27 02:00:00+00:00
97255211,Rufus Du Sol,CONCERT,Dance/Electronica,0.01,,110.0,1172,2026-06-26 23:30:00+00:00
43323766,Grand Ole Opry,CONCERT,Country and Folk,0.01,,118.0,660,2026-06-20 00:00:00+00:00
1334096,San Francisco Symphony - Deneve Conducts Saint-Saens Organ Symphony,CONCERT,Classical,0.01,,88.0,186,2026-06-25 21:00:00+00:00
100203145,Charley Crockett,CONCERT,Blues and Jazz,0.01,,38.0,1517,2026-06-22 23:30:00+00:00
94569002,Ben Bankas,THEATER,Comedy,0.01,,78.0,36,2026-06-20 01:30:00+00:00
130357821,Ben Bankas,THEATER,Comedy,0.01,,97.0,14,2026-06-25 01:00:00+00:00
21483089,Chicago White Sox at Detroit Tigers,SPORT,MLB Baseball,0.01,,31.0,6125,2026-06-21 17:40:00+00:00
21483225,Atlanta Braves at San Diego Padres,SPORT,MLB Baseball,0.01,,23.0,3130,2026-06-24 01:40:00+00:00
118825377,Amy Grant,CONCERT,Pop,0.01,,154.0,42,2026-06-24 23:30:00+00:00
88015367,Paul Simon,CONCERT,Adult Contemporary,0.01,,41.0,1127,2026-06-24 00:00:00+00:00
53121960,Dude Perfect,THEATER,Comedy,0.01,,33.0,2055,2026-06-25 23:00:00+00:00
21482900,Baltimore Orioles at Los Angeles Dodgers,SPORT,MLB Baseball,0.01,,118.0,9246,2026-06-21 02:10:00+00:00
113984934,Jesse Welles - Sunday,CONCERT,Alternative,0.01,,182.0,3,2026-06-21 16:00:00+00:00
87645048,Post Malone and Jelly Roll,CONCERT,Country and Folk,0.01,,92.0,7735,2026-06-25 23:00:00+00:00
62272970,Third Day,CONCERT,New Age,0.01,,157.0,356,2026-06-19 01:00:00+00:00
29132363,Riley Green,CONCERT,Country and Folk,0.01,,51.0,3552,2026-06-26 23:00:00+00:00
64661582,Daniel Tosh,THEATER,Comedy,0.01,,62.0,877,2026-06-27 01:30:00+00:00
64226259,Khalid,CONCERT,R&B,0.01,,76.0,1533,2026-06-23 02:30:00+00:00
98153623,Joji,CONCERT,Rap/Hip Hop,0.01,,70.0,4638,2026-06-26 22:30:00+00:00
100201956,Charley Crockett,CONCERT,Blues and Jazz,0.01,,120.0,1047,2026-06-21 00:00:00+00:00
17465779,Jabbawockeez,CONCERT,Rap/Hip Hop,0.01,,79.0,313,2026-06-23 00:30:00+00:00
21483127,Milwaukee Brewers at Cincinnati Reds,SPORT,MLB Baseball,0.01,,17.0,4448,2026-06-22 23:10:00+00:00
95468227,Mumford and Sons,CONCERT,Rock,0.01,,69.0,1259,2026-06-19 23:30:00+00:00
85003729,NeYo with Akon,CONCERT,R&B,0.01,,75.0,1257,2026-06-21 02:00:00+00:00
85004603,NeYo with Akon,CONCERT,R&B,0.01,,68.0,2442,2026-06-23 02:00:00+00:00
122720914,Turnover (21+),CONCERT,Rock,0.01,,97.0,6,2026-06-27 01:00:00+00:00
130993410,Amy Grant,CONCERT,Pop,0.01,,179.0,16,2026-06-20 23:30:00+00:00
94570296,Ben Bankas,THEATER,Comedy,0.01,,53.0,33,2026-06-21 01:30:00+00:00
21483482,Seattle Mariners at Pittsburgh Pirates,SPORT,MLB Baseball,0.01,,45.0,2138,2026-06-25 16:35:00+00:00
118390672,The Strokes,CONCERT,Alternative,0.01,,148.0,267,2026-06-21 23:00:00+00:00
119697432,Gabriel Iglesias,THEATER,Comedy,0.01,,130.0,187,2026-06-25 03:00:00+00:00
81955311,Les Claypool - Claypool Gold,CONCERT,Alternative,0.01,,84.0,375,2026-06-19 23:00:00+00:00
122496835,Turnover,CONCERT,Rock,0.01,,69.0,10,2026-06-20 23:00:00+00:00
130141819,Straight No Chaser,CONCERT,Rock,0.01,,91.0,218,2026-06-21 23:00:00+00:00
22322844,Ariana Grande,CONCERT,Pop,0.01,,962.0,331,2026-06-27 00:30:00+00:00
129488908,Mariah the Scientist,CONCERT,R&B,0.01,,50.0,34,2026-06-19 03:00:00+00:00
21483223,Boston Red Sox at Colorado Rockies,SPORT,MLB Baseball,0.01,,24.0,14413,2026-06-24 00:40:00+00:00
99757411,Tucker Wetmore,CONCERT,Country and Folk,0.01,,74.0,2729,2026-06-21 23:30:00+00:00
84568955,Gregory Alan Isakov,CONCERT,Pop,0.01,,187.0,36,2026-06-24 02:00:00+00:00
82388439,The Human League,CONCERT,R&B,0.01,,92.0,195,2026-06-20 23:00:00+00:00
104019541,AJR,CONCERT,Rock,0.01,,112.0,2199,2026-06-27 00:30:00+00:00
17465842,Carrot Top (18+ Event),THEATER,Comedy,0.01,,75.0,230,2026-06-24 03:00:00+00:00
52219592,Amble (Moved from recordBar),CONCERT,Alternative,0.01,,45.0,59,2026-06-20 01:00:00+00:00
99982259,Widespread Panic - 3 Day Pass (6/26-6/28),CONCERT,Rock,0.01,,470.0,160,2026-06-26 23:59:00+00:00
106492296,Metric,CONCERT,Rock,0.01,,60.0,287,2026-06-26 01:00:00+00:00
60528818,Evanescence,CONCERT,Rock,0.01,,37.0,1835,2026-06-20 23:00:00+00:00
53120043,The Avett Brothers and Mike Patton,CONCERT,Rock,0.01,,99.0,14,2026-06-20 00:00:00+00:00
88012057,Diljit Dosanjh,CONCERT,World Music,0.01,,132.0,1157,2026-06-19 03:00:00+00:00
84565863,The Runarounds,CONCERT,Rock,0.01,,68.0,95,2026-06-19 00:00:00+00:00
104019538,CRSSD Fest - Tobiahs,CONCERT,Music Festivals,0.0,,62.0,5,2026-06-27 05:00:00+00:00
91014289,Taking Back Sunday,CONCERT,Rock,0.0,,73.0,872,2026-06-21 01:00:00+00:00
60529979,Evanescence,CONCERT,Rock,0.0,,46.0,4517,2026-06-24 22:30:00+00:00
84567698,Hot Mulligan,CONCERT,Alternative,0.0,,131.0,55,2026-06-20 22:30:00+00:00
12707591,Chicago Symphony Orchestra -  Star Wars A New Hope in Concert,CONCERT,Classical,0.0,,126.0,333,2026-06-26 00:30:00+00:00
21483339,Cleveland Guardians at Chicago White Sox,SPORT,MLB Baseball,0.0,,19.0,16255,2026-06-24 18:10:00+00:00
107822354,Keyshia Cole (21+ Event),CONCERT,R&B,0.0,,0.0,0,2026-06-20 22:00:00+00:00
100201965,Wilco,CONCERT,Rock,0.0,,99.0,1790,2026-06-20 22:00:00+00:00
88458764,Yellowcard,CONCERT,Alternative,0.0,,88.0,247,2026-06-20 22:00:00+00:00
76899363,Chris Stapleton,CONCERT,Country and Folk,0.0,,122.0,7931,2026-06-20 22:00:00+00:00
129493685,Zeds Dead,CONCERT,Dance/Electronica,0.0,,89.0,66,2026-06-20 21:00:00+00:00
21482913,Washington Nationals at Tampa Bay Rays,SPORT,MLB Baseball,0.0,,40.0,3558,2026-06-20 20:10:00+00:00
110024094,Bob Dylan,CONCERT,Adult Contemporary,0.0,,65.0,1399,2026-06-24 02:00:00+00:00
113983805,Leanne Morgan,THEATER,Comedy,0.0,,0.0,0,2026-06-20 20:00:00+00:00
42464158,Kenny Chesney,CONCERT,Country and Folk,0.0,,275.0,814,2026-06-27 03:00:00+00:00
115967577,Ziggy Marley,CONCERT,Reggae,0.0,,92.0,42,2026-06-24 01:30:00+00:00
81958549,Lord Huron,CONCERT,Country and Folk,0.0,,91.0,836,2026-06-27 00:30:00+00:00
22533153,Piano Man,CONCERT,Rock,0.0,,78.0,91,2026-06-24 01:30:00+00:00
36113710,Rush,CONCERT,Rock,0.0,,263.0,955,2026-06-27 00:30:00+00:00
67232233,Josh Groban with Jennifer Hudson,CONCERT,Adult Contemporary,0.0,,48.0,3952,2026-06-26 00:00:00+00:00
82389666,Los Angeles FC 2 at Vancouver Whitecaps FC 2,SPORT,MLS,0.0,,0.0,0,2026-06-24 01:00:00+00:00
43325358,Grand Ole Opry,CONCERT,Country and Folk,0.0,,84.0,1004,2026-06-26 00:00:00+00:00
114871296,Ben Bankas,THEATER,Comedy,0.0,,93.0,18,2026-06-24 00:45:00+00:00
122499197,Turnover,CONCERT,Rock,0.0,,0.0,0,2026-06-24 00:00:00+00:00
21483479,Arizona Diamondbacks at St. Louis Cardinals,SPORT,MLB Baseball,0.0,,23.0,2836,2026-06-25 23:45:00+00:00
107820670,Jeezy,CONCERT,Rap/Hip Hop,0.0,,295.0,705,2026-06-20 03:00:00+00:00
22533155,Carpenters Legacy,CONCERT,Pop,0.0,,49.0,301,2026-06-24 00:00:00+00:00
52444299,New Kids on The Block,CONCERT,Pop,0.0,,28.0,1341,2026-06-20 03:00:00+00:00
21483224,Los Angeles Dodgers at Minnesota Twins,SPORT,MLB Baseball,0.0,,31.0,6280,2026-06-23 23:40:00+00:00
99100821,Amber Autry,THEATER,Comedy,0.0,,0.0,0,2026-06-27 04:45:00+00:00
90573105,Chicago,CONCERT,Rock,0.0,,189.0,98,2026-06-23 23:30:00+00:00
53121325,Alex Warren,CONCERT,Pop,0.0,,99.0,762,2026-06-23 23:30:00+00:00
114871297,Ben Bankas,THEATER,Comedy,0.0,,0.0,0,2026-06-23 23:00:00+00:00
84566649,Kid Cudi,CONCERT,Rap/Hip Hop,0.0,,55.0,2533,2026-06-20 01:30:00+00:00
21483480,Chicago Cubs at New York Mets,SPORT,MLB Baseball,0.0,,28.0,9639,2026-06-25 23:10:00+00:00
21483486,Texas Rangers at Toronto Blue Jays,SPORT,MLB Baseball,0.0,,27.0,5087,2026-06-25 23:07:00+00:00
60529647,Evanescence,CONCERT,Rock,0.0,,43.0,1859,2026-06-23 23:00:00+00:00
49991483,Rod Stewart,CONCERT,Adult Contemporary,0.0,,37.0,1970,2026-06-20 01:30:00+00:00
21483228,Philadelphia Phillies at Washington Nationals (Nationals Basketball Jersey Giveaway),SPORT,MLB Baseball,0.0,,25.0,5693,2026-06-23 22:45:00+00:00
21483221,Texas Rangers at Miami Marlins,SPORT,MLB Baseball,0.0,,19.0,2869,2026-06-23 22:40:00+00:00
91013098,Taking Back Sunday,CONCERT,Rock,0.0,,111.0,260,2026-06-20 01:00:00+00:00
100203685,Charley Crockett,CONCERT,Blues and Jazz,0.0,,31.0,250,2026-06-23 22:30:00+00:00
53120044,Alex Warren,CONCERT,Pop,0.0,,77.0,1324,2026-06-20 00:30:00+00:00
90572665,Metric with Broken Social Scene and Stars,CONCERT,Rock,0.0,,85.0,632,2026-06-23 02:00:00+00:00
17465443,Jabbawockeez,CONCERT,Rap/Hip Hop,0.0,,74.0,298,2026-06-20 00:30:00+00:00
122503083,Turnover,CONCERT,Rock,0.0,,0.0,0,2026-06-27 00:00:00+00:00
118391017,Carin Leon,CONCERT,Latin Music,0.0,,67.0,4144,2026-06-23 00:00:00+00:00
121417912,Amy Grant,CONCERT,Pop,0.0,,86.0,52,2026-06-20 00:00:00+00:00
91458694,Wale and Smino,CONCERT,Rap/Hip Hop,0.0,,57.0,117,2026-06-20 00:00:00+00:00
36534277,Hardy,CONCERT,Country and Folk,0.0,,72.0,347,2026-06-25 23:00:00+00:00
29132151,Riley Green,CONCERT,Country and Folk,0.0,,70.0,518,2026-06-25 23:00:00+00:00
78562862,Vince Gill,CONCERT,Country and Folk,0.0,,105.0,194,2026-06-20 00:00:00+00:00
45082885,Matt Mathews (18+ Event),THEATER,Comedy,0.0,,73.0,65,2026-06-20 00:00:00+00:00
13957948,Country Stampede - Thursday (Treaty Oak Revival Wyatt Flores & Presley and Taylor),CONCERT,Music Festivals,0.0,,115.0,74,2026-06-25 21:30:00+00:00
88014756,Metric,CONCERT,Rock,0.0,,90.0,315,2026-06-22 02:00:00+00:00
85885079,Brit Floyd - Pink Floyd Tribute,CONCERT,Rock,0.0,,94.0,146,2026-06-22 02:00:00+00:00
90350067,Mojo Brookzz,THEATER,Comedy,0.0,,0.0,0,2026-06-19 23:30:00+00:00
82387434,Washington Mystics at New York Liberty,SPORT,WNBA,0.0,,23.0,3199,2026-06-19 23:30:00+00:00
21483485,Kansas City Royals at Tampa Bay Rays,SPORT,MLB Baseball,0.0,,20.0,1914,2026-06-25 16:10:00+00:00
113981860,Leanne Morgan,THEATER,Comedy,0.0,,0.0,0,2026-06-19 23:00:00+00:00
101104813,Gianmarco Soresi,THEATER,Comedy,0.0,,0.0,0,2026-06-19 23:00:00+00:00
52445872,New Kids on The Block,CONCERT,Pop,0.0,,43.0,1457,2026-06-25 03:00:00+00:00
82389100,Sporting KC II at Austin FC II,SPORT,MLS,0.0,,0.0,0,2026-06-22 00:30:00+00:00
85441934,The Black Crowes,CONCERT,Rock,0.0,,31.0,4102,2026-06-19 22:30:00+00:00
122494522,Turnover,CONCERT,Rock,0.0,,65.0,30,2026-06-19 22:00:00+00:00
129061337,Toyota Summer Concert Series - Demi Lovato,CONCERT,Pop,0.0,,112.0,62,2026-06-25 02:30:00+00:00
95019653,Hilary Duff,CONCERT,Pop,0.0,,28.0,1074,2026-06-21 23:00:00+00:00
82389101,Toronto FC II at New York Red Bulls II,SPORT,MLS,0.0,,0.0,0,2026-06-21 23:00:00+00:00
113984933,Leanne Morgan,THEATER,Comedy,0.0,,0.0,0,2026-06-21 22:30:00+00:00
82389104,Atlanta United 2 at Columbus Crew 2,SPORT,MLS,0.0,,17.0,83,2026-06-21 22:00:00+00:00
82389102,Chicago Fire II at New England Revolution II,SPORT,MLS,0.0,,0.0,0,2026-06-21 22:00:00+00:00
82389099,Chattanooga FC at New York City FC II,SPORT,MLS,0.0,,23.0,134,2026-06-21 21:00:00+00:00
119471534,Gabriel Iglesias,THEATER,Comedy,0.0,,86.0,114,2026-06-19 03:00:00+00:00
12707446,Chicago Symphony Orchestra -  Lincoln Portrait and Ellington Harlem,CONCERT,Classical,0.0,,57.0,856,2026-06-21 20:00:00+00:00
113984932,Leanne Morgan,THEATER,Comedy,0.0,,0.0,0,2026-06-21 19:30:00+00:00
21483096,Minnesota Twins at Arizona Diamondbacks,SPORT,MLB Baseball,0.0,,49.0,9699,2026-06-21 19:15:00+00:00
21483084,Toronto Blue Jays at Chicago Cubs,SPORT,MLB Baseball,0.0,,105.0,3503,2026-06-21 18:20:00+00:00
21483094,Washington Nationals at Tampa Bay Rays,SPORT,MLB Baseball,0.0,,40.0,2646,2026-06-21 17:40:00+00:00
23583405,Piano Man,CONCERT,Rock,0.0,,77.0,113,2026-06-27 01:30:00+00:00
96803620,Chicago,CONCERT,Rock,0.0,,73.0,1974,2026-06-19 00:00:00+00:00
128406004,Shakira,CONCERT,Pop,0.0,,107.0,2521,2026-06-21 02:30:00+00:00
21482904,Minnesota Twins at Arizona Diamondbacks,SPORT,MLB Baseball,0.0,,39.0,10885,2026-06-21 02:10:00+00:00
119257280,Stephen Wilson Jr,CONCERT,Country and Folk,0.0,,72.0,37,2026-06-21 02:00:00+00:00
82391475,North Texas SC at Sporting Kansas City II,SPORT,MLS,0.0,,0.0,0,2026-06-27 00:00:00+00:00
70669372,Amber Autry,THEATER,Comedy,0.0,,0.0,0,2026-06-21 01:30:00+00:00
25731428,Bailey Zimmerman,CONCERT,Country and Folk,0.0,,48.0,289,2026-06-20 23:00:00+00:00
82388440,St Louis City 2 at Minnesota United FC 2,SPORT,MLS,0.0,,0.0,0,2026-06-21 01:00:00+00:00
54448884,Weird Al Yankovic,CONCERT,Rock,0.0,,30.0,1851,2026-06-21 01:00:00+00:00
53122374,Alex Warren,CONCERT,Pop,0.0,,80.0,542,2026-06-26 23:30:00+00:00
81956295,ASAP Rocky,CONCERT,Rap/Hip Hop,0.0,,90.0,1352,2026-06-21 00:30:00+00:00
21483638,Arizona Diamondbacks at Tampa Bay Rays,SPORT,MLB Baseball,0.0,,32.0,1972,2026-06-26 23:10:00+00:00
63795021,Alison Krauss,CONCERT,Country and Folk,0.0,,76.0,2043,2026-06-21 00:30:00+00:00
21483626,Philadelphia Phillies at New York Mets,SPORT,MLB Baseball,0.0,,29.0,12722,2026-06-26 23:10:00+00:00
43325082,Grand Ole Opry: Opry 100,CONCERT,Country and Folk,0.0,,88.0,890,2026-06-25 00:00:00+00:00
21483639,Texas Rangers at Toronto Blue Jays,SPORT,MLB Baseball,0.0,,46.0,2592,2026-06-26 23:07:00+00:00
46414559,OAR,CONCERT,Alternative,0.0,,120.0,538,2026-06-21 00:30:00+00:00
84570833,Goose,CONCERT,Rock,0.0,,62.0,442,2026-06-26 23:00:00+00:00
84570831,The Head And The Heart,CONCERT,Pop,0.0,,110.0,219,2026-06-26 23:00:00+00:00
121851682,Minnesota Lynx at Washington Mystics (Capital One Exclusives),SPORT,WNBA,0.0,,0.0,0,2026-06-24 23:30:00+00:00
78774225,2026 NHL Draft,SPORT,NHL Hockey,0.0,,130.0,230,2026-06-27 03:59:00+00:00
63797235,Joe Bonamassa,CONCERT,Blues and Jazz,0.0,,46.0,2811,2026-06-26 22:30:00+00:00
78563775,Vince Gill,CONCERT,Country and Folk,0.0,,72.0,1410,2026-06-21 00:00:00+00:00
67230421,Josh Groban with Jennifer Hudson,CONCERT,Adult Contemporary,0.0,,108.0,1708,2026-06-21 00:00:00+00:00
67232234,Gabriel Iglesias,THEATER,Comedy,0.0,,236.0,92,2026-06-26 03:00:00+00:00
82390159,Phoenix Mercury at Indiana Fever,SPORT,WNBA,0.0,,21.0,4187,2026-06-24 23:30:00+00:00
107155247,Wiz Khalifa,CONCERT,Rap/Hip Hop,0.0,,99.0,7,2026-06-26 02:00:00+00:00
101106333,Gianmarco Soresi,THEATER,Comedy,0.0,,140.0,6,2026-06-20 23:00:00+00:00
90792464,Leanne Morgan,THEATER,Comedy,0.0,,0.0,0,2026-06-20 23:00:00+00:00
21483338,Chicago Cubs at New York Mets,SPORT,MLB Baseball,0.0,,19.0,9609,2026-06-24 23:10:00+00:00
70669373,Amber Autry,THEATER,Comedy,0.0,,0.0,0,2026-06-20 23:00:00+00:00
114872127,Ben Bankas,THEATER,Comedy,0.0,,124.0,8,2026-06-24 23:00:00+00:00
109586524,CA7RIEL and Paco Amoroso,CONCERT,Dance/Electronica,0.0,,56.0,1476,2026-06-24 23:00:00+00:00
119259544,Amy Grant,CONCERT,Pop,0.0,,167.0,40,2026-06-23 23:30:00+00:00
21275999,Carpenters Legacy,CONCERT,Pop,-0.01,,47.0,327,2026-06-21 00:00:00+00:00
115971010,Kurt Vile and The Violators,CONCERT,Rock,-0.01,,72.0,398,2026-06-27 01:00:00+00:00
61833741,2026 Summerfest - Megan Moroney,CONCERT,Country and Folk,-0.01,,101.0,1526,2026-06-19 00:00:00+00:00
54890816,Herb Alpert,CONCERT,Blues and Jazz,-0.01,,91.0,530,2026-06-20 01:30:00+00:00
36113251,Rush,CONCERT,Rock,-0.01,,247.0,1331,2026-06-25 00:30:00+00:00
43325683,Grand Ole Opry,CONCERT,Country and Folk,-0.01,,83.0,726,2026-06-27 00:00:00+00:00
98152579,Joji,CONCERT,Rap/Hip Hop,-0.01,,55.0,7296,2026-06-25 23:30:00+00:00
21483128,Boston Red Sox at Colorado Rockies,SPORT,MLB Baseball,-0.01,,28.0,14570,2026-06-23 00:40:00+00:00
12295432,San Francisco Symphony - Gaffigan Conducts Beethoven 9,CONCERT,Classical,-0.01,,161.0,197,2026-06-19 02:30:00+00:00
109582085,CA7RIEL & Paco Amoroso,CONCERT,Dance/Electronica,-0.01,,45.0,2580,2026-06-20 00:00:00+00:00
87641448,Freddie Gibbs,CONCERT,Rap/Hip Hop,-0.01,,75.0,91,2026-06-20 03:00:00+00:00
97031214,Melissa Etheridge,CONCERT,Pop,-0.01,,116.0,85,2026-06-25 23:00:00+00:00
94125222,Santana and The Doobie Brothers,CONCERT,Rock,-0.01,,43.0,2952,2026-06-21 23:00:00+00:00
64226141,Khalid,CONCERT,R&B,-0.01,,56.0,1192,2026-06-22 02:30:00+00:00
21483132,Houston Astros at Toronto Blue Jays,SPORT,MLB Baseball,-0.01,,21.0,3554,2026-06-22 23:07:00+00:00
21483348,Atlanta Braves at San Diego Padres,SPORT,MLB Baseball,-0.01,,26.0,3157,2026-06-25 00:40:00+00:00
78982709,James Taylor and His All-Star Band,CONCERT,Adult Contemporary,-0.01,,88.0,1409,2026-06-25 23:30:00+00:00
1334097,San Francisco Symphony - Deneve Conducts Saint-Saens Organ Symphony,CONCERT,Classical,-0.01,,93.0,224,2026-06-27 02:30:00+00:00
53119648,The Avett Brothers and Mike Patton,CONCERT,Rock,-0.01,,42.0,540,2026-06-19 00:00:00+00:00
53120590,The Avett Brothers and Mike Patton,CONCERT,Rock,-0.01,,133.0,1017,2026-06-21 01:00:00+00:00
45082564,Matt Mathews (18+ Event),THEATER,Comedy,-0.01,,155.0,36,2026-06-19 01:00:00+00:00
96809999,Chicago,CONCERT,Rock,-0.01,,58.0,1689,2026-06-27 00:00:00+00:00
84567693,Theresa Caputo,THEATER,Public Speaking,-0.01,,45.0,1438,2026-06-21 00:00:00+00:00
21482675,Pittsburgh Pirates at Colorado Rockies,SPORT,MLB Baseball,-0.01,,24.0,13003,2026-06-20 00:40:00+00:00
110022126,Bob Dylan,CONCERT,Adult Contemporary,-0.01,,90.0,4028,2026-06-21 02:00:00+00:00
52220133,Herb Alpert & The Tijuana Brass,CONCERT,Blues and Jazz,-0.01,,92.0,190,2026-06-21 00:30:00+00:00
82388444,Seattle Storm at Phoenix Mercury,SPORT,WNBA,-0.01,,41.0,1504,2026-06-20 19:00:00+00:00
82389667,New York Liberty at Las Vegas Aces,SPORT,WNBA,-0.01,,23.0,863,2026-06-24 02:00:00+00:00
92360519,Dierks Bentley,CONCERT,Country and Folk,-0.01,,122.0,87,2026-06-27 02:00:00+00:00
94127218,Dance Gavin Dance,CONCERT,Rock,-0.01,,82.0,34,2026-06-26 01:30:00+00:00
21482903,Cincinnati Reds at New York Yankees (Aaron Judge MVP Bobblehead Day),SPORT,MLB Baseball,-0.01,,67.0,6218,2026-06-20 17:35:00+00:00
100876716,October London,CONCERT,R&B,-0.01,,128.0,738,2026-06-20 00:00:00+00:00
21482908,Chicago White Sox at Detroit Tigers,SPORT,MLB Baseball,-0.01,,25.0,4677,2026-06-20 17:10:00+00:00
84568950,Kid Cudi,CONCERT,Rap/Hip Hop,-0.01,,36.0,1901,2026-06-24 01:30:00+00:00
84570829,Turnpike Troubadours,CONCERT,Country and Folk,-0.01,,143.0,139,2026-06-27 02:00:00+00:00
96805988,Jelly Roll,CONCERT,Country and Folk,-0.01,,94.0,388,2026-06-20 23:00:00+00:00
42464157,Nate Bargatze,THEATER,Comedy,-0.01,,67.0,2020,2026-06-27 02:00:00+00:00
84570826,Kid Cudi,CONCERT,Rap/Hip Hop,-0.01,,107.0,2154,2026-06-27 01:30:00+00:00
92355651,Zarna Garg,THEATER,Comedy,-0.01,,57.0,59,2026-06-20 00:00:00+00:00
67229679,Josh Groban with Jennifer Hudson,CONCERT,Adult Contemporary,-0.01,,73.0,2205,2026-06-20 00:00:00+00:00
53122372,Parker McCollum,CONCERT,Country and Folk,-0.01,,55.0,1139,2026-06-27 01:30:00+00:00
81957508,Les Claypool - Claypool Gold,CONCERT,Alternative,-0.01,,120.0,150,2026-06-24 01:00:00+00:00
21483627,Kansas City Royals at Chicago White Sox (Marshmello Postgame Concert),SPORT,MLB Baseball,-0.01,,23.0,12098,2026-06-26 23:40:00+00:00
95019655,Kurt Vile and The Violators,CONCERT,Rock,-0.01,,72.0,37,2026-06-21 23:00:00+00:00
85005527,Dave Matthews Band,CONCERT,Rock,-0.01,,90.0,1865,2026-06-25 00:30:00+00:00
83265356,Luke Bryan,CONCERT,Country and Folk,-0.01,,167.0,869,2026-06-25 23:00:00+00:00
109585765,CA7RIEL and Paco Amoroso,CONCERT,Dance/Electronica,-0.01,,99.0,88,2026-06-23 23:00:00+00:00
21483122,Chicago Cubs at New York Mets,SPORT,MLB Baseball,-0.01,,24.0,9495,2026-06-22 23:10:00+00:00
81957125,Les Claypool - Claypool Gold,CONCERT,Alternative,-0.02,,51.0,1573,2026-06-23 01:00:00+00:00
80255258,Audrey Hobert,CONCERT,Pop,-0.02,,51.0,72,2026-06-20 03:30:00+00:00
97254188,Darius Rucker,CONCERT,Rock,-0.02,,51.0,3680,2026-06-25 23:00:00+00:00
98149535,Joji,CONCERT,Rap/Hip Hop,-0.02,,29.0,2303,2026-06-20 22:30:00+00:00
104016796,Jill Scott,CONCERT,R&B,-0.02,,284.0,236,2026-06-24 00:00:00+00:00
121846148,Bleachers Forever,CONCERT,Rock,-0.02,,57.0,480,2026-06-19 23:30:00+00:00
94568998,Chance the Rapper - Juneteenth,CONCERT,Rap/Hip Hop,-0.02,,44.0,1380,2026-06-20 03:00:00+00:00
21483088,St. Louis Cardinals at Kansas City Royals,SPORT,MLB Baseball,-0.02,,40.0,3617,2026-06-21 18:10:00+00:00
49992000,Jack Johnson,CONCERT,Pop,-0.02,,94.0,599,2026-06-20 23:30:00+00:00
12091415,San Francisco Symphony - Gaffigan Conducts Beethoven 9,CONCERT,Classical,-0.02,,175.0,186,2026-06-21 21:00:00+00:00
103126972,Palomazo Norteno,CONCERT,Latin Music,-0.02,,101.0,3991,2026-06-27 03:00:00+00:00
119263210,Buju Banton and Stephen Marley,CONCERT,Reggae,-0.02,,88.0,87,2026-06-27 01:00:00+00:00
100205148,The Guess Who,CONCERT,Rock,-0.02,,46.0,6374,2026-06-26 00:30:00+00:00
21483086,Boston Red Sox at Seattle Mariners,SPORT,MLB Baseball,-0.02,,54.0,9298,2026-06-21 20:10:00+00:00
21482667,Toronto Blue Jays at Chicago Cubs,SPORT,MLB Baseball,-0.02,,119.0,3315,2026-06-19 18:20:00+00:00
21483635,Colorado Rockies at Minnesota Twins (Ludacris Postgame Concert),SPORT,MLB Baseball,-0.02,,28.0,5333,2026-06-27 00:10:00+00:00
56383847,Daniel Tosh,THEATER,Comedy,-0.02,,50.0,147,2026-06-19 23:00:00+00:00
53120042,Parker McCollum,CONCERT,Country and Folk,-0.02,,49.0,1298,2026-06-20 02:30:00+00:00
85005009,NeYo with Akon,CONCERT,R&B,-0.02,,109.0,540,2026-06-24 01:00:00+00:00
110465206,Toronto Tempo at Atlanta Dream,SPORT,WNBA,-0.02,,49.0,2298,2026-06-22 23:30:00+00:00
49992373,Jack Johnson,CONCERT,Pop,-0.02,,93.0,435,2026-06-21 23:30:00+00:00
87645870,Noah Kahan,CONCERT,Pop,-0.02,,433.0,904,2026-06-26 22:30:00+00:00
88014029,Diljit Dosanjh,CONCERT,World Music,-0.02,,186.0,1023,2026-06-21 03:00:00+00:00
82389105,Golden State Valkyries at Las Vegas Aces,SPORT,WNBA,-0.02,,19.0,799,2026-06-21 20:00:00+00:00
21901072,Piano Man,CONCERT,Rock,-0.02,,79.0,94,2026-06-23 01:30:00+00:00
122717939,Black Coffee,CONCERT,Dance/Electronica,-0.02,,95.0,31,2026-06-24 21:00:00+00:00
118393692,Jimmy Eat World,CONCERT,Rock,-0.03,,101.0,49,2026-06-25 21:00:00+00:00
99975523,The Red Clay Strays,CONCERT,Country and Folk,-0.03,,102.0,2108,2026-06-19 00:00:00+00:00
112664334,Max Amini,THEATER,Comedy,-0.03,,98.0,126,2026-06-21 00:00:00+00:00
29985411,2026 Summerfest - Ed Sheeran,CONCERT,Pop,-0.03,,165.0,359,2026-06-26 00:30:00+00:00
42036436,Echo and the Bunnymen,CONCERT,Alternative,-0.03,,65.0,137,2026-06-20 00:00:00+00:00
95018842,Zarna Garg,THEATER,Comedy,-0.03,,66.0,683,2026-06-21 00:00:00+00:00
61833740,Martin Garrix,CONCERT,Dance/Electronica,-0.03,,92.0,81,2026-06-19 00:00:00+00:00
75656151,Styx,CONCERT,Rock,-0.03,,115.0,640,2026-06-20 00:00:00+00:00
21483090,San Francisco Giants at Miami Marlins,SPORT,MLB Baseball,-0.03,,30.0,3705,2026-06-21 17:40:00+00:00
94127210,Rufus Du Sol,CONCERT,Dance/Electronica,-0.03,,106.0,789,2026-06-25 23:30:00+00:00
21483083,Milwaukee Brewers at Atlanta Braves,SPORT,MLB Baseball,-0.03,,39.0,7920,2026-06-21 17:30:00+00:00
84568380,Hot Mulligan,CONCERT,Alternative,-0.03,,71.0,978,2026-06-21 22:30:00+00:00
118822244,Buju Banton and Stephen Marley,CONCERT,Reggae,-0.03,,144.0,404,2026-06-21 02:00:00+00:00
17466019,Jabbawockeez,CONCERT,Rap/Hip Hop,-0.03,,74.0,349,2026-06-26 03:00:00+00:00
60529265,Evanescence,CONCERT,Rock,-0.03,,31.0,2143,2026-06-21 22:30:00+00:00
78562863,Matt Mathews,THEATER,Comedy,-0.03,,72.0,75,2026-06-20 02:30:00+00:00
117088388,Black Coffee,CONCERT,Dance/Electronica,-0.03,,271.0,187,2026-06-22 00:00:00+00:00
87241302,Ella Langley,CONCERT,Rock,-0.03,,362.0,144,2026-06-26 23:00:00+00:00
1342450,San Francisco Symphony - Gaffigan Conducts Beethoven 9,CONCERT,Classical,-0.03,,163.0,186,2026-06-21 02:30:00+00:00
82822566,Summer Walker,CONCERT,R&B,-0.03,,41.0,5490,2026-06-19 00:30:00+00:00
21483124,Baltimore Orioles at Los Angeles Angels,SPORT,MLB Baseball,-0.03,,10.0,5832,2026-06-23 01:38:00+00:00
103122511,Lauren Daigle,CONCERT,Adult Contemporary,-0.03,,236.0,12,2026-06-21 00:00:00+00:00
118391704,The Strokes,CONCERT,Alternative,-0.03,,147.0,1812,2026-06-23 23:00:00+00:00
121416197,Jane Remover,CONCERT,New Age,-0.03,,111.0,98,2026-06-19 04:00:00+00:00
99539432,Ziggy Marley,CONCERT,Reggae,-0.03,,408.0,8,2026-06-26 03:00:00+00:00
29557147,Machine Gun Kelly,CONCERT,Rock,-0.03,,34.0,531,2026-06-20 00:00:00+00:00
81956956,The Human League,CONCERT,R&B,-0.04,,66.0,1121,2026-06-22 00:30:00+00:00
20453405,Piano Man,CONCERT,Rock,-0.04,,79.0,108,2026-06-19 01:30:00+00:00
88800934,Chris Lake,CONCERT,Dance/Electronica,-0.04,,123.0,76,2026-06-21 00:00:00+00:00
63796285,Alison Krauss,CONCERT,Country and Folk,-0.04,,18.0,775,2026-06-24 23:30:00+00:00
21483633,Houston Astros at Detroit Tigers,SPORT,MLB Baseball,-0.04,,26.0,4308,2026-06-26 22:40:00+00:00
119255112,Theresa Caputo,THEATER,Public Speaking,-0.04,,106.0,412,2026-06-20 00:00:00+00:00
112662478,Kali Uchis with Mariah The Scientist,CONCERT,Pop,-0.04,,30.0,2021,2026-06-20 00:00:00+00:00
82389274,Phoenix Mercury at Indiana Fever,SPORT,WNBA,-0.04,,21.0,4735,2026-06-23 00:00:00+00:00
91016953,Dirty Heads,CONCERT,Rock,-0.04,,114.0,128,2026-06-26 01:00:00+00:00
21483217,Baltimore Orioles at Los Angeles Angels,SPORT,MLB Baseball,-0.04,,10.0,5851,2026-06-24 01:38:00+00:00
21482665,Baltimore Orioles at Los Angeles Dodgers,SPORT,MLB Baseball,-0.04,,88.0,5281,2026-06-20 02:10:00+00:00
81959289,The Human League,CONCERT,R&B,-0.04,,79.0,614,2026-06-27 00:00:00+00:00
78562864,Goose,CONCERT,Rock,-0.04,,30.0,1203,2026-06-19 23:30:00+00:00
82389107,New York Liberty at Los Angeles Sparks,SPORT,WNBA,-0.04,,40.0,1943,2026-06-22 00:00:00+00:00
90569642,Charlie Wilson,CONCERT,R&B,-0.04,,118.0,1229,2026-06-19 00:00:00+00:00
91013097,Jimmy Eat World,CONCERT,Rock,-0.05,,111.0,34,2026-06-19 22:30:00+00:00
100205151,Charley Crockett,CONCERT,Blues and Jazz,-0.05,,101.0,181,2026-06-26 01:00:00+00:00
113097646,Wynonna Judd and Melissa Etheridge,CONCERT,Country and Folk,-0.05,,288.0,32,2026-06-19 01:00:00+00:00
21483226,Kansas City Royals at Tampa Bay Rays,SPORT,MLB Baseball,-0.05,,21.0,2579,2026-06-23 22:40:00+00:00
97255209,Darius Rucker,CONCERT,Rock,-0.05,,46.0,2040,2026-06-26 23:00:00+00:00
104018342,Nelly,CONCERT,Rap/Hip Hop,-0.05,,110.0,95,2026-06-26 02:30:00+00:00
97473298,Ziggy Marley,CONCERT,Reggae,-0.05,,102.0,41,2026-06-20 02:30:00+00:00
64224962,Khalid,CONCERT,R&B,-0.05,,52.0,1424,2026-06-20 00:30:00+00:00
87241135,Ella Langley,CONCERT,Rock,-0.05,,334.0,248,2026-06-25 23:00:00+00:00
21483636,Los Angeles Dodgers at San Diego Padres,SPORT,MLB Baseball,-0.05,,108.0,4880,2026-06-27 01:40:00+00:00
21483629,Athletics at Los Angeles Angels (Plaid Santa Hat Giveaway),SPORT,MLB Baseball,-0.05,,10.0,7522,2026-06-27 01:38:00+00:00
100201973,Josh Johnson,THEATER,Comedy,-0.05,,66.0,236,2026-06-21 00:30:00+00:00
21483222,Milwaukee Brewers at Cincinnati Reds,SPORT,MLB Baseball,-0.05,,17.0,3327,2026-06-23 23:10:00+00:00
84566655,The Runarounds,CONCERT,Rock,-0.05,,73.0,59,2026-06-20 00:00:00+00:00
23579859,Nate Bargatze (Rescheduled from 6/5/26),THEATER,Comedy,-0.05,,62.0,3601,2026-06-22 00:00:00+00:00
116406255,Waxahatchee,CONCERT,Alternative,-0.05,,145.0,12,2026-06-20 23:00:00+00:00
23165494,Piano Man,CONCERT,Rock,-0.06,,77.0,95,2026-06-26 01:30:00+00:00
88456776,Yellowcard,CONCERT,Alternative,-0.06,,163.0,10,2026-06-19 00:00:00+00:00
54891896,Daniel Tosh,THEATER,Comedy,-0.06,,72.0,169,2026-06-22 23:30:00+00:00
17465622,Carrot Top (18+ Event),THEATER,Comedy,-0.06,,79.0,210,2026-06-21 03:00:00+00:00
87643284,Godsmack,CONCERT,Rock,-0.06,,46.0,1812,2026-06-21 23:00:00+00:00
54892152,Daniel Tosh,THEATER,Comedy,-0.06,,128.0,39,2026-06-23 23:00:00+00:00
29122879,Brad Williams (Rescheduled from 5/10),THEATER,Comedy,-0.06,,57.0,264,2026-06-27 00:00:00+00:00
23583407,Carpenters Legacy,CONCERT,Pop,-0.06,,47.0,231,2026-06-27 00:00:00+00:00
78980568,James Taylor and His All-Star Band,CONCERT,Adult Contemporary,-0.06,,40.0,980,2026-06-20 23:30:00+00:00
21483340,Baltimore Orioles at Los Angeles Angels,SPORT,MLB Baseball,-0.06,,10.0,5743,2026-06-24 20:07:00+00:00
104934922,Five Finger Death Punch,CONCERT,Hard Rock,-0.06,,234.0,52,2026-06-19 02:00:00+00:00
52220522,Herb Alpert,CONCERT,Blues and Jazz,-0.06,,79.0,445,2026-06-22 02:30:00+00:00
21483085,Cincinnati Reds at New York Yankees,SPORT,MLB Baseball,-0.06,,40.0,6488,2026-06-21 17:35:00+00:00
21482907,Los Angeles Angels at Athletics (Jacob Wilson Bobblehead Giveaway),SPORT,MLB Baseball,-0.06,,73.0,1896,2026-06-21 02:05:00+00:00
103120960,Lauren Daigle,CONCERT,Adult Contemporary,-0.06,,283.0,16,2026-06-20 00:00:00+00:00
103571943,Ralph Barbosa,THEATER,Comedy,-0.06,,99.0,1225,2026-06-27 02:00:00+00:00
12707178,Chicago Symphony Orchestra - Lincoln Portrait and Ellington Harlem,CONCERT,Classical,-0.06,,43.0,770,2026-06-19 00:30:00+00:00
110462063,Buju Banton and Stephen Marley,CONCERT,Reggae,-0.06,,54.0,1154,2026-06-20 02:00:00+00:00
81954564,ASAP Rocky,CONCERT,Rap/Hip Hop,-0.06,,48.0,3930,2026-06-19 00:30:00+00:00
64224964,Martin Garrix,CONCERT,Dance/Electronica,-0.06,,97.0,120,2026-06-20 00:00:00+00:00
21482672,Chicago White Sox at Detroit Tigers (Nelly Postgame Concert),SPORT,MLB Baseball,-0.06,,35.0,6580,2026-06-19 22:40:00+00:00
82825018,Summer Walker,CONCERT,R&B,-0.06,,79.0,1033,2026-06-22 00:30:00+00:00
21483093,New York Mets at Philadelphia Phillies,SPORT,MLB Baseball,-0.07,,58.0,5696,2026-06-21 23:20:00+00:00
51327191,Bonnie Raitt,CONCERT,Country and Folk,-0.07,,69.0,68,2026-06-26 01:30:00+00:00
63795922,Alison Krauss,CONCERT,Country and Folk,-0.07,,207.0,59,2026-06-24 00:30:00+00:00
84569469,Goose,CONCERT,Rock,-0.07,,54.0,138,2026-06-24 22:00:00+00:00
78563779,Goose,CONCERT,Rock,-0.07,,37.0,1402,2026-06-20 23:30:00+00:00
17466134,Carrot Top (18+ Event),THEATER,Comedy,-0.07,,79.0,220,2026-06-27 03:00:00+00:00
80257393,Audrey Hobert,CONCERT,Pop,-0.07,,63.0,182,2026-06-24 02:00:00+00:00
122277772,Jane Remover,CONCERT,New Age,-0.07,,131.0,37,2026-06-20 04:00:00+00:00
100202893,Wilco,CONCERT,Rock,-0.07,,102.0,26,2026-06-21 23:00:00+00:00
110465208,Joshua Slone,CONCERT,Country and Folk,-0.07,,61.0,30,2026-06-22 23:00:00+00:00
100199387,Gregory Alan Isakov,CONCERT,Pop,-0.07,,48.0,402,2026-06-19 01:30:00+00:00
122929721,Bob Moses,CONCERT,Pop,-0.07,,167.0,38,2026-06-20 03:00:00+00:00
13752676,Country Stampede - 3 Day Pass (6/25 - 6/27),CONCERT,Music Festivals,-0.07,,242.0,281,2026-06-26 04:59:00+00:00
21483484,New York Yankees at Boston Red Sox,SPORT,MLB Baseball,-0.07,,147.0,4694,2026-06-25 23:10:00+00:00
21483637,New York Yankees at Boston Red Sox,SPORT,MLB Baseball,-0.08,,148.0,4845,2026-06-26 23:10:00+00:00
21483133,Philadelphia Phillies at Washington Nationals,SPORT,MLB Baseball,-0.08,,22.0,5155,2026-06-22 22:45:00+00:00
94128155,Santana and The Doobie Brothers,CONCERT,Rock,-0.08,,28.0,4435,2026-06-26 23:00:00+00:00
17465781,Carrot Top (18+ Event),THEATER,Comedy,-0.08,,76.0,223,2026-06-23 03:00:00+00:00
17465918,Jabbawockeez,CONCERT,Rap/Hip Hop,-0.08,,74.0,346,2026-06-25 00:30:00+00:00
81533608,Nelly,CONCERT,Rap/Hip Hop,-0.08,,98.0,418,2026-06-27 02:00:00+00:00
94124423,Rufus Du Sol,CONCERT,Dance/Electronica,-0.08,,236.0,107,2026-06-20 23:30:00+00:00
29131091,Riley Green,CONCERT,Country and Folk,-0.08,,49.0,503,2026-06-19 23:00:00+00:00
51994798,Joe Jackson,CONCERT,Pop,-0.08,,90.0,221,2026-06-20 00:30:00+00:00
21483341,Athletics at San Francisco Giants,SPORT,MLB Baseball,-0.09,,45.0,6518,2026-06-25 01:45:00+00:00
100657509,Ole 60,CONCERT,Country and Folk,-0.09,,59.0,323,2026-06-27 01:00:00+00:00
29558425,Machine Gun Kelly,CONCERT,Rock,-0.09,,43.0,560,2026-06-27 01:00:00+00:00
94124420,Santana and The Doobie Brothers,CONCERT,Rock,-0.09,,48.0,2872,2026-06-21 00:00:00+00:00
81958550,Lord Huron,CONCERT,Country and Folk,-0.09,,71.0,1872,2026-06-25 23:00:00+00:00
95469558,Mumford and Sons,CONCERT,Rock,-0.09,,63.0,5616,2026-06-20 22:30:00+00:00
21483481,Athletics at San Francisco Giants,SPORT,MLB Baseball,-0.09,,57.0,6023,2026-06-25 19:45:00+00:00
17465453,Carrot Top (18+ Event),THEATER,Comedy,-0.09,,79.0,191,2026-06-20 03:00:00+00:00
23582536,Nate Bargatze,THEATER,Comedy,-0.09,,71.0,2591,2026-06-21 00:00:00+00:00
82388446,Chicago Sky at Dallas Wings,SPORT,WNBA,-0.09,,78.0,1088,2026-06-21 00:00:00+00:00
17465753,Jabbawockeez,CONCERT,Rap/Hip Hop,-0.09,,95.0,139,2026-06-22 00:30:00+00:00
21482910,Cleveland Guardians at Houston Astros,SPORT,MLB Baseball,-0.09,,30.0,4785,2026-06-20 23:15:00+00:00
54449644,"""Weird Al"" Yankovic",CONCERT,Rock,-0.09,,95.0,356,2026-06-24 01:30:00+00:00
125081930,Jerry Seinfeld,THEATER,Comedy,-0.09,,144.0,89,2026-06-26 02:00:00+00:00
33985225,Colorado Symphony Orchestra - Distant Worlds - Music from Final Fantasy,CONCERT,Classical,-0.09,,79.0,645,2026-06-27 01:30:00+00:00
82389276,Dallas Wings at Seattle Storm,SPORT,WNBA,-0.09,,68.0,1628,2026-06-23 02:00:00+00:00
87643475,Post Malone and Jelly Roll,CONCERT,Country and Folk,-0.09,,128.0,6832,2026-06-22 23:00:00+00:00
54892468,Daniel Tosh,THEATER,Comedy,-0.1,,86.0,169,2026-06-24 23:00:00+00:00
87643286,Freddie Gibbs,CONCERT,Rap/Hip Hop,-0.1,,50.0,83,2026-06-22 02:00:00+00:00
82390156,Audrey Hobert,CONCERT,Pop,-0.1,,98.0,162,2026-06-25 02:00:00+00:00
103119796,Jill Scott,CONCERT,R&B,-0.1,,118.0,179,2026-06-19 00:00:00+00:00
84570832,Lionel Richie with Earth Wind and Fire,CONCERT,Pop,-0.1,,75.0,6551,2026-06-27 00:30:00+00:00
100200494,Josh Johnson,THEATER,Comedy,-0.1,,91.0,103,2026-06-19 23:00:00+00:00
17465610,Jabbawockeez,CONCERT,Rap/Hip Hop,-0.1,,77.0,297,2026-06-21 00:30:00+00:00
78566581,Vince Gill,CONCERT,Country and Folk,-0.11,,153.0,94,2026-06-27 00:00:00+00:00
17466018,Jabbawockeez,CONCERT,Rap/Hip Hop,-0.11,,77.0,329,2026-06-26 00:30:00+00:00
60530831,Evanescence,CONCERT,Rock,-0.11,,49.0,1310,2026-06-26 23:00:00+00:00
122714598,Jane Remover,CONCERT,New Age,-0.11,,111.0,53,2026-06-21 04:00:00+00:00
94128154,Hank Williams Jr,CONCERT,Country and Folk,-0.11,,76.0,3527,2026-06-26 23:30:00+00:00
21483091,Cleveland Guardians at Houston Astros,SPORT,MLB Baseball,-0.11,,28.0,5444,2026-06-21 18:10:00+00:00
106491428,Trey Anastasio,CONCERT,Rock,-0.12,,174.0,88,2026-06-24 23:30:00+00:00
78565365,Sammy Hagar,CONCERT,Rock,-0.12,,43.0,3730,2026-06-24 22:30:00+00:00
85441933,The Black Crowes,CONCERT,Rock,-0.12,,48.0,4358,2026-06-20 22:30:00+00:00
43324833,Grand Ole Opry,CONCERT,Country and Folk,-0.12,,99.0,1041,2026-06-24 00:00:00+00:00
110462043,Ty Myers,CONCERT,Country and Folk,-0.12,,46.0,2618,2026-06-19 23:30:00+00:00
115743815,Darius Rucker,CONCERT,Rock,-0.12,,136.0,20,2026-06-20 23:00:00+00:00
84570827,Jerry Seinfeld,THEATER,Comedy,-0.12,,187.0,1765,2026-06-27 03:00:00+00:00
29131383,Riley Green,CONCERT,Country and Folk,-0.12,,131.0,908,2026-06-20 23:00:00+00:00
82390724,New York Liberty at Seattle Storm,SPORT,WNBA,-0.12,,33.0,2444,2026-06-26 02:00:00+00:00
21483095,San Diego Padres at Texas Rangers,SPORT,MLB Baseball,-0.12,,36.0,5658,2026-06-21 18:35:00+00:00
83430538,Barry Manilow (Rescheduled from 4/17/26),CONCERT,Adult Contemporary,-0.12,,64.0,1009,2026-06-25 23:00:00+00:00
21483632,Cincinnati Reds at Pittsburgh Pirates,SPORT,MLB Baseball,-0.12,,14.0,4472,2026-06-26 22:40:00+00:00
88014023,Paul Simon,CONCERT,Adult Contemporary,-0.12,,94.0,324,2026-06-21 00:00:00+00:00
94571096,Ben Bankas,THEATER,Comedy,-0.13,,78.0,31,2026-06-21 23:00:00+00:00
82389106,Washington Mystics at Minnesota Lynx,SPORT,WNBA,-0.13,,73.0,317,2026-06-21 22:00:00+00:00
21483634,Chicago Cubs at Milwaukee Brewers,SPORT,MLB Baseball,-0.13,,67.0,6240,2026-06-26 23:40:00+00:00
49539932,Journey,CONCERT,Rock,-0.13,,262.0,188,2026-06-22 00:30:00+00:00
21483218,Athletics at San Francisco Giants,SPORT,MLB Baseball,-0.13,,52.0,5537,2026-06-24 01:45:00+00:00
96806845,Chicago,CONCERT,Rock,-0.13,,43.0,1371,2026-06-21 23:00:00+00:00
110027148,Leanne Morgan,THEATER,Comedy,-0.13,,152.0,227,2026-06-27 00:00:00+00:00
51773371,Joe Jackson,CONCERT,Pop,-0.13,,129.0,49,2026-06-27 00:00:00+00:00
91907082,Fuerza Regida,CONCERT,Latin Music,-0.13,,233.0,2583,2026-06-21 03:00:00+00:00
21483215,Chicago Cubs at New York Mets,SPORT,MLB Baseball,-0.13,,18.0,9246,2026-06-23 23:10:00+00:00
94570295,Ben Bankas,THEATER,Comedy,-0.14,,81.0,16,2026-06-20 23:00:00+00:00
94569001,Ben Bankas,THEATER,Comedy,-0.14,,78.0,24,2026-06-19 23:00:00+00:00
69197793,Piano Man (18+ Event),CONCERT,Rock,-0.14,,100.0,36,2026-06-20 01:30:00+00:00
91460885,Wale and Smino (Rescheduled from 6/22/26),CONCERT,Rap/Hip Hop,-0.14,,113.0,59,2026-06-23 23:00:00+00:00
54450717,Weird Al Yankovic,CONCERT,Rock,-0.14,,53.0,3006,2026-06-27 01:00:00+00:00
90574323,Straight No Chaser,CONCERT,Rock,-0.14,,85.0,2065,2026-06-25 23:30:00+00:00
42462329,Kenny Chesney,CONCERT,Country and Folk,-0.14,,404.0,247,2026-06-20 03:00:00+00:00
82390723,Dallas Wings at Las Vegas Aces,SPORT,WNBA,-0.14,,28.0,481,2026-06-26 02:00:00+00:00
21482914,San Diego Padres at Texas Rangers,SPORT,MLB Baseball,-0.14,,37.0,5469,2026-06-20 20:05:00+00:00
69199158,Piano Man (18+ Event),CONCERT,Rock,-0.14,,100.0,36,2026-06-22 01:30:00+00:00
63794335,Forrest Frank,CONCERT,Pop,-0.14,,209.0,319,2026-06-20 00:00:00+00:00
78982178,Madison Beer,CONCERT,Pop,-0.14,,54.0,3337,2026-06-25 02:30:00+00:00
51327581,Matt Rife,THEATER,Comedy,-0.15,,189.0,199,2026-06-27 00:00:00+00:00
100200495,Gregory Alan Isakov,CONCERT,Pop,-0.15,,135.0,39,2026-06-20 01:00:00+00:00
101106334,Gianmarco Soresi,THEATER,Comedy,-0.15,,140.0,6,2026-06-21 01:30:00+00:00
54448324,Weird Al Yankovic,CONCERT,Rock,-0.15,,48.0,3604,2026-06-20 01:00:00+00:00
96808236,Chicago,CONCERT,Rock,-0.15,,113.0,105,2026-06-24 23:30:00+00:00
34697804,Louis Tomlinson,CONCERT,Pop,-0.15,,82.0,139,2026-06-26 00:00:00+00:00
49540862,Journey,CONCERT,Rock,-0.16,,83.0,682,2026-06-26 00:30:00+00:00
87642552,Godsmack,CONCERT,Rock,-0.16,,33.0,3920,2026-06-21 00:00:00+00:00
67232802,Gabriel Iglesias (18+ Event),THEATER,Comedy,-0.16,,235.0,61,2026-06-27 03:00:00+00:00
113543160,Shakira,CONCERT,Pop,-0.16,,157.0,3502,2026-06-24 00:30:00+00:00
88014024,Don Toliver,CONCERT,Rap/Hip Hop,-0.16,,108.0,1926,2026-06-21 00:30:00+00:00
17465923,Carrot Top (18+ Event),THEATER,Comedy,-0.17,,89.0,216,2026-06-25 03:00:00+00:00
78566580,2026 Summerfest - Cody Johnson,CONCERT,Country and Folk,-0.17,,101.0,8336,2026-06-27 00:00:00+00:00
48193802,Morgan Wallen,CONCERT,Country and Folk,-0.17,,83.0,4962,2026-06-26 21:30:00+00:00
100206263,Russell Dickerson,CONCERT,Country and Folk,-0.17,,46.0,802,2026-06-27 00:00:00+00:00
95470607,Mumford and Sons,CONCERT,Rock,-0.17,,145.0,1842,2026-06-22 22:00:00+00:00
98432737,Ben Bankas,THEATER,Comedy,-0.17,,66.0,43,2026-06-27 01:15:00+00:00
53122373,Dude Perfect,THEATER,Comedy,-0.17,,44.0,2502,2026-06-26 23:00:00+00:00
91014288,Jimmy Eat World,CONCERT,Rock,-0.17,,69.0,306,2026-06-20 23:00:00+00:00
113546430,Shakira,CONCERT,Pop,-0.17,,164.0,3349,2026-06-26 23:30:00+00:00
98431685,Ben Bankas,THEATER,Comedy,-0.18,,65.0,41,2026-06-25 23:30:00+00:00
20860770,Carpenters Legacy,CONCERT,Pop,-0.18,,49.0,320,2026-06-20 00:00:00+00:00
17466023,Carrot Top (18+ Event),THEATER,Comedy,-0.18,,79.0,182,2026-06-26 03:00:00+00:00
29557445,Machine Gun Kelly,CONCERT,Rock,-0.18,,39.0,314,2026-06-20 23:00:00+00:00
23165499,Carpenters Legacy,CONCERT,Pop,-0.18,,47.0,323,2026-06-26 00:00:00+00:00
81957510,The Human League,CONCERT,R&B,-0.18,,66.0,288,2026-06-24 00:30:00+00:00
53121957,Parker McCollum,CONCERT,Country and Folk,-0.19,,63.0,297,2026-06-26 01:30:00+00:00
78564542,Sammy Hagar,CONCERT,Rock,-0.19,,37.0,1395,2026-06-22 22:30:00+00:00
82826650,Summer Walker,CONCERT,R&B,-0.19,,95.0,2914,2026-06-26 02:30:00+00:00
110023185,Bob Dylan,CONCERT,Adult Contemporary,-0.19,,108.0,1621,2026-06-22 01:30:00+00:00
79613480,Sammy Hagar,CONCERT,Rock,-0.2,,44.0,1669,2026-06-20 22:30:00+00:00
88800933,2026 Summerfest - Carin Leon,CONCERT,Latin Music,-0.2,,67.0,7717,2026-06-21 00:00:00+00:00
84567692,Kid Cudi,CONCERT,Rap/Hip Hop,-0.2,,33.0,2335,2026-06-21 01:30:00+00:00
29984634,Ed Sheeran,CONCERT,Pop,-0.21,,73.0,2620,2026-06-20 22:30:00+00:00
82390161,Atlanta Dream at Golden State Valkyries,SPORT,WNBA,-0.21,,32.0,2412,2026-06-25 02:00:00+00:00
88457625,Yellowcard,CONCERT,Alternative,-0.21,,139.0,16,2026-06-19 21:30:00+00:00
118828108,Usher and Chris Brown,CONCERT,R&B,-0.21,,93.0,12541,2026-06-27 01:00:00+00:00
79616354,Mojo Brookzz - Dyon Brooks,THEATER,Comedy,-0.21,,127.0,15,2026-06-27 02:00:00+00:00
82389277,Chicago Sky at Connecticut Sun,SPORT,WNBA,-0.22,,19.0,2352,2026-06-22 23:00:00+00:00
87643895,Godsmack,CONCERT,Rock,-0.22,,42.0,3097,2026-06-23 23:00:00+00:00
82391478,Washington Mystics at Connecticut Sun,SPORT,WNBA,-0.22,,26.0,1539,2026-06-26 23:30:00+00:00
94126515,Santana and The Doobie Brothers,CONCERT,Rock,-0.22,,44.0,4128,2026-06-24 23:00:00+00:00
21482671,Los Angeles Angels at Athletics,SPORT,MLB Baseball,-0.23,,67.0,1968,2026-06-20 01:40:00+00:00
88016538,Don Toliver,CONCERT,Rap/Hip Hop,-0.23,,98.0,1413,2026-06-26 02:30:00+00:00
91909298,Hilary Duff,CONCERT,Pop,-0.23,,10.0,977,2026-06-22 23:00:00+00:00
64658075,OAR,CONCERT,Alternative,-0.24,,37.0,1770,2026-06-19 00:30:00+00:00
61834870,Rosalia,CONCERT,Latin Music,-0.25,,169.0,712,2026-06-21 01:30:00+00:00
112885841,Leanne Morgan,THEATER,Comedy,-0.25,,127.0,285,2026-06-26 00:00:00+00:00
53121961,Alex Warren,CONCERT,Pop,-0.25,,120.0,1060,2026-06-25 23:30:00+00:00
101565207,TobyMac,CONCERT,Adult Contemporary,-0.26,,28.0,1735,2026-06-26 23:00:00+00:00
110463835,Ty Myers,CONCERT,Country and Folk,-0.26,,46.0,3522,2026-06-20 23:30:00+00:00
89246432,Kid Rock,CONCERT,Rock,-0.26,,73.0,212,2026-06-19 23:00:00+00:00
113541090,Josh Johnson,THEATER,Comedy,-0.27,,88.0,329,2026-06-20 21:00:00+00:00
78981708,Madison Beer,CONCERT,Pop,-0.27,,88.0,64,2026-06-24 02:30:00+00:00
78981343,James Taylor and His All-Star Band,CONCERT,Adult Contemporary,-0.27,,59.0,1249,2026-06-22 23:30:00+00:00
12707486,Chicago Symphony Orchestra -  John Williams and Spielberg Film Music Concert,CONCERT,Classical,-0.28,,201.0,114,2026-06-24 00:30:00+00:00
54891792,Daniel Tosh,THEATER,Comedy,-0.28,,62.0,465,2026-06-21 23:00:00+00:00
21483087,Los Angeles Angels at Athletics,SPORT,MLB Baseball,-0.28,,47.0,1520,2026-06-21 20:05:00+00:00
85005008,Dave Matthews Band,CONCERT,Rock,-0.28,,168.0,1036,2026-06-24 00:30:00+00:00
122500142,Turnover,CONCERT,Rock,-0.29,,158.0,14,2026-06-25 01:00:00+00:00
49992988,Jack Johnson,CONCERT,Pop,-0.29,,39.0,520,2026-06-24 23:30:00+00:00
118392591,Jimmy Eat World,CONCERT,Rock,-0.3,,41.0,3696,2026-06-24 23:00:00+00:00
82390725,Los Angeles Sparks at Toronto Tempo,SPORT,WNBA,-0.3,,101.0,50,2026-06-25 23:00:00+00:00
84567695,The Runarounds,CONCERT,Rock,-0.31,,89.0,60,2026-06-21 00:00:00+00:00
64226924,Khalid,CONCERT,R&B,-0.33,,112.0,836,2026-06-25 02:30:00+00:00
34696589,Louis Tomlinson,CONCERT,Pop,-0.33,,30.0,692,2026-06-20 01:00:00+00:00
53120589,Parker McCollum,CONCERT,Country and Folk,-0.33,,48.0,3311,2026-06-21 02:30:00+00:00
84569467,Lionel Richie with Earth Wind and Fire,CONCERT,Pop,-0.34,,42.0,4730,2026-06-25 00:30:00+00:00
107822356,Jeezy,CONCERT,Rap/Hip Hop,-0.34,,737.0,93,2026-06-21 03:00:00+00:00
42463583,Kenny Chesney,CONCERT,Country and Folk,-0.34,,377.0,319,2026-06-25 03:00:00+00:00
113761868,Davide de Pierro,THEATER,Public Speaking,-0.35,,265.0,4,2026-06-20 23:30:00+00:00
21483082,Baltimore Orioles at Los Angeles Dodgers,SPORT,MLB Baseball,-0.36,,106.0,5468,2026-06-21 20:10:00+00:00
90570528,Billy Currington,CONCERT,Country and Folk,-0.36,,62.0,2740,2026-06-20 00:00:00+00:00
88015916,Don Toliver,CONCERT,Rap/Hip Hop,-0.37,,151.0,1192,2026-06-25 02:30:00+00:00
53120982,Alex Warren,CONCERT,Pop,-0.37,,79.0,1141,2026-06-22 00:30:00+00:00
91012204,Taking Back Sunday,CONCERT,Rock,-0.37,,49.0,59,2026-06-19 01:00:00+00:00
53119647,Parker McCollum,CONCERT,Country and Folk,-0.37,,41.0,6233,2026-06-19 02:30:00+00:00
106487243,Trey Anastasio,CONCERT,Rock,-0.38,,17.0,192,2026-06-19 23:30:00+00:00
88799784,Davide De Pierro,THEATER,Public Speaking,-0.38,,319.0,2,2026-06-19 23:30:00+00:00
63794334,Alison Krauss,CONCERT,Country and Folk,-0.39,,43.0,2143,2026-06-20 00:30:00+00:00
91016298,Melissa Etheridge,CONCERT,Pop,-0.4,,59.0,1070,2026-06-24 23:30:00+00:00
43324211,Grand Ole Opry,CONCERT,Country and Folk,-0.42,,96.0,901,2026-06-21 00:00:00+00:00
91463490,Wale and Smino,CONCERT,Rap/Hip Hop,-0.42,,34.0,1487,2026-06-27 00:00:00+00:00
28708185,Morgan Jay (21+ Event),THEATER,Comedy,-0.45,,10.0,840,2026-06-20 01:00:00+00:00
81955303,ASAP Rocky,CONCERT,Rap/Hip Hop,-0.46,,66.0,2973,2026-06-20 00:30:00+00:00
87644436,Godsmack,CONCERT,Rock,-0.47,,58.0,1121,2026-06-24 23:00:00+00:00
82827408,Summer Walker,CONCERT,R&B,-0.48,,61.0,1709,2026-06-27 02:30:00+00:00
78980572,Matt Mathews,THEATER,Comedy,-0.49,,402.0,3,2026-06-20 23:00:00+00:00
52444841,New Kids on The Block,CONCERT,Pop,-0.5,,27.0,1534,2026-06-21 03:00:00+00:00
90350068,Mojo Brookzz,THEATER,Comedy,-0.5,,533.0,4,2026-06-20 02:00:00+00:00
113983793,Its Murph,CONCERT,Dance/Electronica,-0.51,,99.0,12,2026-06-20 21:00:00+00:00
85006911,NeYo with Akon,CONCERT,R&B,-0.53,,77.0,464,2026-06-27 00:00:00+00:00
70668527,Amber Autry,THEATER,Comedy,-0.53,,0.0,0,2026-06-20 00:00:00+00:00
70668528,Amber Autry,THEATER,Comedy,-0.53,,0.0,0,2026-06-20 02:30:00+00:00
104462353,Ice Cube,CONCERT,Rap/Hip Hop,-0.54,,137.0,35,2026-06-20 02:00:00+00:00
92358342,Hilary Duff,CONCERT,Pop,-0.55,,840.0,64,2026-06-24 03:00:00+00:00
